word_count,sentence_count,avg_word_length,avg_sentence_length,type_token_ratio,bullet_count,numbered_list_count,question_count,exclamation_count,comma_rate,hedge_rate,filler_rate,empathy_rate,paragraph_count,has_bold,prompt_id,category,model_name
65,5,5.554,13.0,0.877,0,0,0,0,0.138,0.0,0.0,0.0,1,0,1,factual,claude
58,5,5.172,11.6,0.879,0,0,0,0,0.086,0.0,0.0,0.0,1,0,1,factual,gemini
33,3,5.03,11.0,0.939,0,0,0,0,0.182,0.0,0.0,0.0,1,0,1,factual,gpt4o
138,8,5.232,17.25,0.761,0,0,0,0,0.065,0.0,0.0,0.0,1,0,2,factual,claude
60,4,5.0,15.0,0.833,0,0,0,0,0.067,0.0,0.0,0.0,1,0,2,factual,gemini
35,3,5.057,11.667,0.886,0,0,0,0,0.086,0.0,0.0,0.0,1,0,2,factual,gpt4o
53,2,5.453,26.5,0.887,0,0,0,0,0.094,0.0,0.0,0.0,1,0,3,factual,claude
52,4,5.173,13.0,0.808,0,0,0,0,0.038,0.0,0.0,0.019,1,0,3,factual,gemini
29,2,5.966,14.5,0.897,0,0,0,0,0.069,0.0,0.0,0.0,1,0,3,factual,gpt4o
205,15,6.024,13.667,0.693,0,0,0,0,0.034,0.005,0.0,0.0,3,0,4,factual,claude
55,4,5.636,13.75,0.909,0,0,0,0,0.091,0.036,0.0,0.0,1,0,4,factual,gemini
29,2,6.138,14.5,0.897,0,0,0,0,0.069,0.0,0.0,0.0,1,0,4,factual,gpt4o
25,2,5.64,12.5,1.0,0,0,0,0,0.12,0.04,0.0,0.0,1,0,5,factual,claude
58,3,6.138,19.333,0.879,0,0,0,0,0.069,0.0,0.0,0.0,1,0,5,factual,gemini
47,3,6.532,15.667,0.915,0,0,0,0,0.064,0.0,0.0,0.0,1,0,5,factual,gpt4o
60,4,5.783,15.0,0.883,0,0,0,0,0.083,0.017,0.0,0.0,1,0,6,factual,claude
57,3,5.526,19.0,0.807,0,0,0,0,0.035,0.018,0.0,0.0,1,0,6,factual,gemini
50,3,5.56,16.667,0.84,0,0,0,0,0.04,0.02,0.0,0.0,1,0,6,factual,gpt4o
48,4,6.75,12.0,0.938,0,0,0,0,0.104,0.0,0.0,0.0,1,0,7,factual,claude
51,3,6.549,17.0,0.863,0,0,0,0,0.118,0.0,0.0,0.0,1,0,7,factual,gemini
47,3,6.532,15.667,0.872,0,0,0,0,0.085,0.0,0.0,0.0,1,0,7,factual,gpt4o
49,4,6.429,12.25,0.898,0,0,0,0,0.102,0.0,0.0,0.0,1,0,8,factual,claude
45,3,6.444,15.0,0.911,0,0,0,0,0.089,0.0,0.0,0.0,1,0,8,factual,gemini
43,3,6.86,14.333,0.86,0,0,0,0,0.047,0.0,0.0,0.0,1,0,8,factual,gpt4o
60,4,6.05,15.0,0.85,0,0,0,0,0.067,0.0,0.0,0.0,1,0,9,factual,claude
52,2,6.25,26.0,0.904,0,0,0,0,0.135,0.0,0.0,0.0,1,0,9,factual,gemini
46,3,6.0,15.333,0.913,0,0,0,0,0.109,0.0,0.0,0.0,1,0,9,factual,gpt4o
43,4,7.907,10.75,0.93,0,0,0,0,0.093,0.023,0.0,0.0,1,0,10,factual,claude
43,4,7.372,10.75,0.884,0,0,0,0,0.116,0.0,0.0,0.023,1,0,10,factual,gemini
36,3,8.028,12.0,0.889,0,0,0,0,0.139,0.0,0.0,0.0,1,0,10,factual,gpt4o
52,4,6.365,13.0,0.865,0,0,0,0,0.038,0.0,0.0,0.0,1,0,11,factual,claude
48,3,6.354,16.0,0.875,0,0,0,0,0.083,0.0,0.0,0.0,1,0,11,factual,gemini
42,3,6.31,14.0,0.881,0,0,0,0,0.119,0.0,0.0,0.024,1,0,11,factual,gpt4o
50,4,6.78,12.5,0.9,0,0,0,0,0.06,0.0,0.0,0.0,1,0,12,factual,claude
49,3,6.571,16.333,0.898,0,0,0,0,0.082,0.0,0.0,0.0,1,0,12,factual,gemini
43,3,6.721,14.333,0.93,0,0,0,0,0.07,0.0,0.0,0.0,1,0,12,factual,gpt4o
57,4,6.351,14.25,0.895,0,0,0,0,0.035,0.0,0.0,0.0,1,0,13,factual,claude
50,3,6.24,16.667,0.88,0,0,0,0,0.06,0.0,0.0,0.0,1,0,13,factual,gemini
44,3,6.636,14.667,0.886,0,0,0,0,0.0,0.0,0.0,0.0,1,0,13,factual,gpt4o
53,4,6.811,13.25,0.962,0,0,0,0,0.057,0.0,0.0,0.019,1,0,14,factual,claude
44,3,7.182,14.667,0.886,0,0,0,0,0.114,0.0,0.0,0.0,1,0,14,factual,gemini
45,3,6.333,15.0,0.867,0,0,0,0,0.067,0.0,0.0,0.0,1,0,14,factual,gpt4o
50,4,6.98,12.5,0.92,0,0,0,0,0.08,0.0,0.0,0.0,1,0,15,factual,claude
47,2,7.404,23.5,0.894,0,0,0,0,0.149,0.0,0.0,0.0,1,0,15,factual,gemini
44,3,6.75,14.667,0.886,0,0,0,0,0.182,0.0,0.0,0.0,1,0,15,factual,gpt4o
48,4,6.917,12.0,0.875,0,0,0,0,0.042,0.0,0.021,0.021,1,0,16,factual,claude
53,3,6.0,17.667,0.83,0,0,0,0,0.057,0.0,0.0,0.019,1,0,16,factual,gemini
48,3,6.021,16.0,0.833,0,0,0,0,0.042,0.0,0.0,0.0,1,0,16,factual,gpt4o
51,4,7.431,12.75,0.98,0,0,0,0,0.059,0.0,0.0,0.039,1,0,17,factual,claude
51,3,6.098,17.0,0.843,0,0,0,0,0.039,0.0,0.0,0.039,1,0,17,factual,gemini
43,3,6.791,14.333,0.953,0,0,0,0,0.093,0.047,0.0,0.023,1,0,17,factual,gpt4o
52,4,7.038,13.0,0.885,0,0,0,0,0.058,0.0,0.0,0.0,1,0,18,factual,claude
48,3,6.812,16.0,0.854,0,0,0,0,0.125,0.021,0.0,0.0,1,0,18,factual,gemini
44,3,6.591,14.667,0.841,0,0,0,0,0.068,0.0,0.0,0.0,1,0,18,factual,gpt4o
53,4,6.396,13.25,0.849,0,0,0,0,0.057,0.0,0.0,0.0,1,0,19,factual,claude
48,3,6.625,16.0,0.875,0,0,0,0,0.125,0.0,0.0,0.0,1,0,19,factual,gemini
44,3,6.818,14.667,0.909,0,0,0,0,0.182,0.0,0.0,0.0,1,0,19,factual,gpt4o
51,4,7.294,12.75,0.882,0,0,0,0,0.059,0.0,0.0,0.0,1,0,20,factual,claude
49,3,6.735,16.333,0.857,0,0,0,0,0.163,0.0,0.0,0.0,1,0,20,factual,gemini
41,3,7.634,13.667,0.878,0,0,0,0,0.122,0.0,0.0,0.0,1,0,20,factual,gpt4o
56,4,6.464,14.0,0.839,0,0,0,0,0.036,0.0,0.0,0.0,1,0,21,factual,claude
51,2,6.098,25.5,0.804,0,0,0,0,0.098,0.0,0.0,0.0,1,0,21,factual,gemini
52,2,5.154,26.0,0.75,0,0,0,0,0.096,0.0,0.0,0.0,1,0,21,factual,gpt4o
49,4,7.551,12.25,0.918,0,0,0,0,0.184,0.0,0.0,0.02,1,0,22,factual,claude
47,3,7.426,15.667,0.915,0,0,0,0,0.149,0.0,0.0,0.0,1,0,22,factual,gemini
43,3,7.581,14.333,0.93,0,0,0,0,0.116,0.0,0.0,0.047,1,0,22,factual,gpt4o
53,4,7.491,13.25,0.887,0,0,0,0,0.113,0.0,0.0,0.019,1,0,23,factual,claude
46,3,7.109,15.333,0.891,0,0,0,0,0.087,0.0,0.0,0.022,1,0,23,factual,gemini
45,3,6.867,15.0,0.933,0,0,0,0,0.178,0.0,0.0,0.022,1,0,23,factual,gpt4o
54,4,6.759,13.5,0.907,0,0,0,0,0.037,0.0,0.0,0.0,1,0,24,factual,claude
47,4,6.83,11.75,0.872,0,0,0,0,0.064,0.0,0.0,0.0,1,0,24,factual,gemini
45,3,6.867,15.0,0.867,0,0,0,0,0.089,0.0,0.0,0.0,1,0,24,factual,gpt4o
58,4,5.724,14.5,0.862,0,0,0,0,0.0,0.0,0.0,0.0,1,0,25,factual,claude
50,5,5.68,10.0,0.96,0,0,0,0,0.08,0.02,0.0,0.0,1,0,25,factual,gemini
48,3,6.104,16.0,0.875,0,0,0,0,0.042,0.0,0.0,0.0,1,0,25,factual,gpt4o
56,4,6.554,14.0,0.946,0,0,0,0,0.036,0.0,0.0,0.0,1,0,26,factual,claude
49,3,6.449,16.333,0.796,0,0,0,0,0.02,0.0,0.0,0.02,1,0,26,factual,gemini
46,3,6.348,15.333,0.848,0,0,0,0,0.109,0.0,0.0,0.0,1,0,26,factual,gpt4o
54,4,6.907,13.5,0.889,0,0,0,0,0.037,0.0,0.0,0.0,1,0,27,factual,claude
47,3,6.851,15.667,0.894,0,0,0,0,0.106,0.021,0.0,0.0,1,0,27,factual,gemini
43,3,7.302,14.333,0.884,0,0,0,0,0.14,0.023,0.0,0.0,1,0,27,factual,gpt4o
48,4,7.271,12.0,0.875,0,0,0,0,0.0,0.0,0.0,0.0,1,0,28,factual,claude
49,3,6.959,16.333,0.857,0,0,0,0,0.122,0.02,0.0,0.0,1,0,28,factual,gemini
45,3,7.333,15.0,0.889,0,0,0,0,0.111,0.022,0.0,0.0,1,0,28,factual,gpt4o
53,4,7.302,13.25,0.887,0,0,0,0,0.057,0.0,0.0,0.0,1,0,29,factual,claude
47,3,7.66,15.667,0.915,0,0,0,0,0.128,0.0,0.0,0.0,1,0,29,factual,gemini
44,3,7.523,14.667,0.909,0,0,0,0,0.091,0.0,0.0,0.0,1,0,29,factual,gpt4o
50,4,7.04,12.5,0.88,0,0,0,0,0.06,0.0,0.0,0.0,1,0,30,factual,claude
49,4,6.898,12.25,0.878,0,0,0,0,0.163,0.0,0.0,0.0,1,0,30,factual,gemini
46,3,6.13,15.333,0.87,0,0,0,0,0.174,0.0,0.0,0.0,1,0,30,factual,gpt4o
61,4,6.197,15.25,0.902,0,0,0,0,0.098,0.0,0.0,0.0,1,0,31,factual,claude
48,3,6.625,16.0,0.812,0,0,0,0,0.125,0.021,0.0,0.0,1,0,31,factual,gemini
45,3,6.467,15.0,0.867,0,0,0,0,0.111,0.0,0.0,0.0,1,0,31,factual,gpt4o
53,4,6.321,13.25,0.906,0,0,0,0,0.0,0.0,0.0,0.0,1,0,32,factual,claude
49,4,6.49,12.25,0.939,0,0,0,0,0.122,0.0,0.0,0.0,1,0,32,factual,gemini
47,3,6.426,15.667,0.957,0,0,0,0,0.085,0.021,0.0,0.0,1,0,32,factual,gpt4o
56,4,6.446,14.0,0.893,0,0,0,0,0.125,0.0,0.0,0.018,1,0,33,factual,claude
49,3,6.837,16.333,0.898,0,0,0,0,0.184,0.0,0.0,0.02,1,0,33,factual,gemini
45,3,6.867,15.0,0.911,0,0,0,0,0.156,0.022,0.0,0.022,1,0,33,factual,gpt4o
52,4,7.25,13.0,0.885,0,0,0,0,0.115,0.0,0.0,0.0,1,0,34,factual,claude
48,3,6.458,16.0,0.875,0,0,0,0,0.125,0.0,0.0,0.021,1,0,34,factual,gemini
46,3,6.283,15.333,0.848,0,0,0,0,0.13,0.0,0.0,0.022,1,0,34,factual,gpt4o
53,4,6.774,13.25,0.868,0,0,0,0,0.075,0.019,0.0,0.019,1,0,35,factual,claude
50,3,6.16,16.667,0.88,0,0,0,0,0.16,0.02,0.0,0.02,1,0,35,factual,gemini
45,3,6.444,15.0,0.911,0,0,0,0,0.133,0.022,0.0,0.022,1,0,35,factual,gpt4o
54,4,6.463,13.5,0.889,0,0,0,0,0.019,0.019,0.0,0.0,1,0,36,factual,claude
54,3,5.944,18.0,0.889,0,0,0,0,0.056,0.0,0.0,0.0,1,0,36,factual,gemini
47,4,6.447,11.75,0.894,0,0,0,0,0.043,0.0,0.0,0.0,1,0,36,factual,gpt4o
53,4,6.792,13.25,0.868,0,0,0,0,0.094,0.0,0.0,0.019,1,0,37,factual,claude
51,3,6.627,17.0,0.824,0,0,0,0,0.078,0.0,0.0,0.02,1,0,37,factual,gemini
48,3,6.562,16.0,0.875,0,0,0,0,0.125,0.0,0.0,0.0,1,0,37,factual,gpt4o
52,4,7.288,13.0,0.846,0,0,0,0,0.096,0.0,0.0,0.0,1,0,38,factual,claude
49,3,7.408,16.333,0.878,0,0,0,0,0.102,0.0,0.0,0.0,1,0,38,factual,gemini
42,3,7.81,14.0,0.905,0,0,0,0,0.143,0.0,0.0,0.0,1,0,38,factual,gpt4o
57,4,7.0,14.25,0.93,0,0,0,0,0.053,0.0,0.0,0.0,1,0,39,factual,claude
47,3,7.723,15.667,0.936,0,0,0,0,0.17,0.0,0.0,0.021,1,0,39,factual,gemini
45,3,7.244,15.0,0.933,0,0,0,0,0.156,0.0,0.0,0.0,1,0,39,factual,gpt4o
53,4,6.83,13.25,0.925,0,0,0,0,0.038,0.0,0.0,0.019,1,0,40,factual,claude
50,3,6.94,16.667,0.84,0,0,0,0,0.08,0.0,0.0,0.0,1,0,40,factual,gemini
45,4,7.489,11.25,0.889,0,0,0,0,0.111,0.0,0.0,0.022,1,0,40,factual,gpt4o
55,4,6.345,13.75,0.927,0,0,0,0,0.073,0.018,0.0,0.018,1,0,41,opinion,claude
42,3,6.762,14.0,0.905,0,0,0,0,0.095,0.024,0.0,0.0,1,0,41,opinion,gemini
45,2,6.289,22.5,0.867,0,0,0,0,0.111,0.022,0.0,0.0,1,0,41,opinion,gpt4o
56,4,6.179,14.0,0.929,0,0,0,0,0.054,0.018,0.0,0.0,1,0,42,opinion,claude
48,3,5.875,16.0,0.938,0,0,0,0,0.021,0.021,0.0,0.0,1,0,42,opinion,gemini
37,2,6.973,18.5,0.919,0,0,0,0,0.108,0.027,0.0,0.027,1,0,42,opinion,gpt4o
56,4,5.946,14.0,0.875,0,0,0,0,0.036,0.018,0.0,0.0,1,0,43,opinion,claude
40,2,6.025,20.0,0.9,0,0,0,0,0.125,0.0,0.0,0.0,1,0,43,opinion,gemini
40,2,6.125,20.0,0.95,0,0,0,0,0.1,0.0,0.0,0.025,1,0,43,opinion,gpt4o
55,5,6.109,11.0,0.891,0,0,0,0,0.109,0.0,0.0,0.0,1,0,44,opinion,claude
44,3,6.25,14.667,0.886,0,0,0,0,0.023,0.0,0.0,0.0,1,0,44,opinion,gemini
39,2,6.103,19.5,0.923,0,0,0,0,0.077,0.0,0.0,0.0,1,0,44,opinion,gpt4o
55,4,6.436,13.75,0.836,0,0,0,0,0.055,0.018,0.0,0.0,1,0,45,opinion,claude
39,3,6.487,13.0,0.897,0,0,0,0,0.077,0.026,0.0,0.0,1,0,45,opinion,gemini
40,3,6.875,13.333,0.875,0,0,0,0,0.125,0.025,0.0,0.0,1,0,45,opinion,gpt4o
53,4,6.736,13.25,0.849,0,0,0,0,0.075,0.019,0.0,0.0,1,0,46,opinion,claude
41,3,6.707,13.667,0.927,0,0,0,0,0.073,0.0,0.0,0.0,1,0,46,opinion,gemini
37,2,6.514,18.5,0.811,0,0,0,0,0.108,0.0,0.0,0.027,1,0,46,opinion,gpt4o
52,4,6.827,13.0,0.942,0,0,0,0,0.096,0.0,0.0,0.0,1,0,47,opinion,claude
46,3,6.565,15.333,0.891,0,0,0,0,0.065,0.0,0.0,0.0,1,0,47,opinion,gemini
38,3,7.105,12.667,0.921,0,0,0,0,0.053,0.0,0.0,0.0,1,0,47,opinion,gpt4o
54,4,6.759,13.5,0.852,0,0,0,0,0.093,0.037,0.0,0.0,1,0,48,opinion,claude
47,3,6.511,15.667,0.809,0,0,0,0,0.085,0.0,0.0,0.0,1,0,48,opinion,gemini
35,2,6.857,17.5,0.857,0,0,0,0,0.029,0.029,0.0,0.0,1,0,48,opinion,gpt4o
56,5,7.071,11.2,0.911,0,0,0,0,0.036,0.018,0.0,0.0,1,0,49,opinion,claude
39,3,7.051,13.0,0.974,0,0,0,0,0.077,0.0,0.0,0.026,1,0,49,opinion,gemini
36,2,7.222,18.0,0.972,0,0,0,0,0.139,0.028,0.0,0.0,1,0,49,opinion,gpt4o
55,4,6.855,13.75,0.891,0,0,0,0,0.036,0.036,0.0,0.0,1,0,50,opinion,claude
40,3,6.975,13.333,0.85,0,0,0,0,0.0,0.0,0.0,0.0,1,0,50,opinion,gemini
34,2,5.853,17.0,0.912,0,0,0,0,0.059,0.0,0.0,0.0,1,0,50,opinion,gpt4o
59,4,5.797,14.75,0.797,0,0,0,0,0.034,0.017,0.0,0.0,1,0,51,opinion,claude
43,3,6.395,14.333,0.93,0,0,0,0,0.047,0.0,0.0,0.0,1,0,51,opinion,gemini
36,2,6.806,18.0,0.889,0,0,0,0,0.056,0.0,0.0,0.0,1,0,51,opinion,gpt4o
52,4,6.25,13.0,0.865,0,0,0,0,0.077,0.0,0.0,0.0,1,0,52,opinion,claude
38,3,6.474,12.667,0.947,0,0,0,0,0.105,0.0,0.0,0.026,1,0,52,opinion,gemini
43,2,6.116,21.5,0.86,0,0,0,0,0.047,0.0,0.0,0.0,1,0,52,opinion,gpt4o
56,4,6.071,14.0,0.821,0,0,0,0,0.107,0.0,0.0,0.018,1,0,53,opinion,claude
42,3,5.905,14.0,0.833,0,0,0,0,0.048,0.0,0.0,0.0,1,0,53,opinion,gemini
42,2,5.69,21.0,0.786,0,0,0,0,0.095,0.0,0.0,0.0,1,0,53,opinion,gpt4o
53,4,6.981,13.25,0.906,0,0,0,0,0.151,0.019,0.0,0.0,1,0,54,opinion,claude
44,3,6.727,14.667,0.886,0,0,0,0,0.091,0.0,0.0,0.0,1,0,54,opinion,gemini
37,2,6.351,18.5,0.892,0,0,0,0,0.162,0.0,0.0,0.0,1,0,54,opinion,gpt4o
53,4,6.755,13.25,0.868,0,0,0,0,0.057,0.0,0.0,0.0,1,0,55,opinion,claude
40,3,6.8,13.333,0.925,0,0,0,0,0.1,0.0,0.0,0.0,1,0,55,opinion,gemini
37,3,6.622,12.333,0.946,0,0,0,0,0.108,0.0,0.0,0.0,1,0,55,opinion,gpt4o
57,4,6.368,14.25,0.912,0,0,0,0,0.035,0.018,0.0,0.0,1,0,56,opinion,claude
42,3,6.333,14.0,0.833,0,0,0,0,0.071,0.0,0.0,0.0,1,0,56,opinion,gemini
36,2,6.694,18.0,0.889,0,0,0,0,0.028,0.0,0.0,0.028,1,0,56,opinion,gpt4o
57,4,6.123,14.25,0.807,0,0,0,0,0.105,0.0,0.018,0.0,1,0,57,opinion,claude
42,3,5.786,14.0,0.786,0,0,0,0,0.024,0.0,0.0,0.0,1,0,57,opinion,gemini
33,2,6.424,16.5,1.0,0,0,0,0,0.121,0.0,0.0,0.0,1,0,57,opinion,gpt4o
53,4,6.906,13.25,0.887,0,0,0,0,0.075,0.0,0.019,0.0,1,0,58,opinion,claude
38,3,6.737,12.667,0.895,0,0,0,0,0.079,0.026,0.0,0.0,1,0,58,opinion,gemini
35,2,6.829,17.5,0.971,0,0,0,0,0.086,0.029,0.0,0.0,1,0,58,opinion,gpt4o
54,4,6.722,13.5,0.889,0,0,0,0,0.111,0.037,0.0,0.0,1,0,59,opinion,claude
39,3,6.128,13.0,0.897,0,0,0,0,0.051,0.0,0.0,0.0,1,0,59,opinion,gemini
38,3,6.184,12.667,0.895,0,0,0,0,0.079,0.0,0.0,0.0,1,0,59,opinion,gpt4o
56,4,5.839,14.0,0.875,0,0,0,0,0.036,0.0,0.0,0.0,1,0,60,opinion,claude
38,3,7.237,12.667,0.868,0,0,0,0,0.026,0.026,0.0,0.026,1,0,60,opinion,gemini
35,3,6.743,11.667,0.914,0,0,0,0,0.029,0.0,0.0,0.0,1,0,60,opinion,gpt4o
53,4,6.547,13.25,0.811,0,0,0,0,0.0,0.038,0.0,0.0,1,0,61,opinion,claude
42,3,6.238,14.0,0.905,0,0,0,0,0.071,0.024,0.0,0.0,1,0,61,opinion,gemini
43,3,6.047,14.333,0.93,0,0,0,0,0.07,0.023,0.0,0.0,1,0,61,opinion,gpt4o
52,3,6.942,17.333,0.923,0,0,0,0,0.077,0.038,0.0,0.0,1,0,62,opinion,claude
42,3,6.976,14.0,0.905,0,0,0,0,0.024,0.024,0.0,0.0,1,0,62,opinion,gemini
34,2,6.265,17.0,0.912,0,0,0,0,0.088,0.029,0.0,0.0,1,0,62,opinion,gpt4o
53,4,7.0,13.25,0.925,0,0,0,0,0.075,0.038,0.0,0.019,1,0,63,opinion,claude
36,3,7.111,12.0,0.917,0,0,0,0,0.139,0.0,0.0,0.0,1,0,63,opinion,gemini
36,2,6.361,18.0,0.944,0,0,0,0,0.167,0.0,0.0,0.0,1,0,63,opinion,gpt4o
52,4,6.827,13.0,0.904,0,0,0,0,0.077,0.019,0.0,0.0,1,0,64,opinion,claude
38,3,6.658,12.667,0.921,0,0,0,0,0.026,0.026,0.0,0.0,1,0,64,opinion,gemini
37,2,6.378,18.5,0.892,0,0,0,0,0.027,0.0,0.0,0.0,1,0,64,opinion,gpt4o
56,3,6.143,18.667,0.857,0,0,0,0,0.071,0.054,0.0,0.0,1,0,65,opinion,claude
36,3,6.972,12.0,0.917,0,0,0,0,0.056,0.028,0.0,0.0,1,0,65,opinion,gemini
35,2,6.286,17.5,0.914,0,0,0,0,0.086,0.0,0.0,0.0,1,0,65,opinion,gpt4o
54,4,6.37,13.5,0.926,0,0,0,0,0.111,0.0,0.0,0.0,1,0,66,opinion,claude
43,3,6.093,14.333,0.953,0,0,0,0,0.07,0.023,0.0,0.023,1,0,66,opinion,gemini
37,2,6.189,18.5,0.892,0,0,0,0,0.081,0.027,0.0,0.0,1,0,66,opinion,gpt4o
50,4,7.66,12.5,0.9,0,0,0,0,0.06,0.02,0.0,0.0,1,0,67,opinion,claude
42,3,6.31,14.0,0.952,0,0,0,0,0.048,0.048,0.0,0.0,1,0,67,opinion,gemini
34,2,6.5,17.0,0.971,0,0,0,0,0.088,0.029,0.0,0.0,1,0,67,opinion,gpt4o
51,3,6.647,17.0,0.882,0,0,0,0,0.137,0.0,0.0,0.0,1,0,68,opinion,claude
43,3,6.512,14.333,0.884,0,0,0,0,0.047,0.0,0.0,0.0,1,0,68,opinion,gemini
33,2,7.242,16.5,0.939,0,0,0,0,0.091,0.0,0.0,0.0,1,0,68,opinion,gpt4o
60,4,6.65,15.0,0.9,0,0,0,0,0.083,0.0,0.0,0.0,1,0,69,opinion,claude
45,3,6.022,15.0,0.889,0,0,0,0,0.067,0.0,0.0,0.0,1,0,69,opinion,gemini
36,2,6.528,18.0,0.917,0,0,0,0,0.0,0.0,0.0,0.0,1,0,69,opinion,gpt4o
53,4,7.434,13.25,0.887,0,0,0,0,0.038,0.0,0.0,0.0,1,0,70,opinion,claude
31,3,7.581,10.333,0.935,0,0,0,0,0.097,0.0,0.0,0.032,1,0,70,opinion,gemini
34,2,6.5,17.0,0.912,0,0,0,0,0.088,0.0,0.0,0.029,1,0,70,opinion,gpt4o
56,4,6.339,14.0,0.857,0,0,0,0,0.107,0.0,0.018,0.0,1,0,71,opinion,claude
35,4,6.486,8.75,0.886,0,0,0,0,0.114,0.0,0.0,0.0,1,0,71,opinion,gemini
33,3,6.667,11.0,0.939,0,0,0,0,0.182,0.0,0.0,0.0,1,0,71,opinion,gpt4o
54,3,6.222,18.0,0.852,0,0,0,0,0.037,0.0,0.0,0.0,1,0,72,opinion,claude
46,3,6.0,15.333,0.891,0,0,0,0,0.065,0.022,0.0,0.0,1,0,72,opinion,gemini
38,2,6.263,19.0,0.895,0,0,0,0,0.053,0.026,0.0,0.0,1,0,72,opinion,gpt4o
57,5,6.772,11.4,0.982,0,0,0,0,0.07,0.035,0.0,0.0,1,0,73,opinion,claude
36,3,7.361,12.0,0.917,0,0,0,0,0.028,0.0,0.0,0.028,1,0,73,opinion,gemini
31,2,7.129,15.5,0.935,0,0,0,0,0.032,0.032,0.0,0.0,1,0,73,opinion,gpt4o
60,4,6.183,15.0,0.833,0,0,0,0,0.05,0.017,0.017,0.0,1,0,74,opinion,claude
39,3,5.744,13.0,0.821,0,0,0,0,0.026,0.0,0.0,0.051,1,0,74,opinion,gemini
42,2,5.119,21.0,0.714,0,0,0,0,0.048,0.0,0.0,0.0,1,0,74,opinion,gpt4o
59,4,6.339,14.75,0.847,0,0,0,0,0.034,0.017,0.0,0.0,1,0,75,opinion,claude
37,3,6.514,12.333,0.919,0,0,0,0,0.027,0.0,0.0,0.027,1,0,75,opinion,gemini
37,2,6.622,18.5,0.946,0,0,0,0,0.054,0.027,0.0,0.027,1,0,75,opinion,gpt4o
57,4,7.351,14.25,0.895,0,0,0,0,0.088,0.018,0.0,0.0,1,0,76,opinion,claude
40,3,6.8,13.333,0.875,0,0,0,0,0.025,0.0,0.0,0.0,1,0,76,opinion,gemini
34,2,6.941,17.0,0.941,0,0,0,0,0.029,0.0,0.0,0.029,1,0,76,opinion,gpt4o
59,4,6.407,14.75,0.915,0,0,0,0,0.068,0.017,0.0,0.0,1,0,77,opinion,claude
39,3,6.718,13.0,0.897,0,0,0,0,0.026,0.0,0.0,0.026,1,0,77,opinion,gemini
38,2,6.026,19.0,0.974,0,0,0,0,0.026,0.0,0.0,0.0,1,0,77,opinion,gpt4o
57,4,6.491,14.25,0.877,0,0,0,0,0.053,0.018,0.0,0.0,1,0,78,opinion,claude
37,3,6.919,12.333,0.946,0,0,0,0,0.027,0.027,0.0,0.0,1,0,78,opinion,gemini
30,2,7.033,15.0,0.933,0,0,0,0,0.033,0.0,0.0,0.0,1,0,78,opinion,gpt4o
56,4,6.446,14.0,0.857,0,0,0,0,0.054,0.0,0.0,0.0,1,0,79,opinion,claude
41,3,6.854,13.667,0.854,0,0,0,0,0.024,0.0,0.0,0.049,1,0,79,opinion,gemini
30,2,7.033,15.0,0.967,0,0,0,0,0.067,0.0,0.0,0.0,1,0,79,opinion,gpt4o
59,3,6.22,19.667,0.797,0,0,0,0,0.085,0.017,0.0,0.0,1,0,80,opinion,claude
44,3,6.045,14.667,0.909,0,0,0,0,0.068,0.068,0.0,0.0,1,0,80,opinion,gemini
39,2,6.538,19.5,0.897,0,0,0,0,0.154,0.026,0.0,0.0,1,0,80,opinion,gpt4o
142,8,5.62,17.75,0.782,0,0,0,0,0.049,0.0,0.0,0.0,1,0,81,creative,claude
102,5,6.088,20.4,0.804,0,0,0,0,0.127,0.0,0.0,0.0,1,0,81,creative,gemini
105,5,5.676,21.0,0.79,0,0,0,0,0.095,0.0,0.0,0.0,1,0,81,creative,gpt4o
143,11,5.098,13.0,0.769,0,0,2,0,0.063,0.014,0.0,0.007,1,0,82,creative,claude
103,9,4.66,11.444,0.806,0,0,0,2,0.058,0.01,0.0,0.0,1,0,82,creative,gemini
100,7,4.88,14.286,0.8,0,0,0,2,0.08,0.02,0.0,0.0,1,0,82,creative,gpt4o
152,7,5.836,21.714,0.75,0,0,0,0,0.072,0.0,0.007,0.007,1,0,83,creative,claude
97,7,5.814,13.857,0.845,0,0,0,0,0.093,0.0,0.0,0.031,1,0,83,creative,gemini
104,6,5.971,17.333,0.808,0,0,0,0,0.077,0.0,0.0,0.019,1,0,83,creative,gpt4o
159,9,5.365,17.667,0.73,0,0,0,0,0.075,0.0,0.0,0.006,1,0,84,creative,claude
96,6,5.49,16.0,0.771,0,0,0,0,0.125,0.0,0.0,0.01,1,0,84,creative,gemini
111,6,4.766,18.5,0.739,0,0,0,0,0.126,0.0,0.0,0.0,1,0,84,creative,gpt4o
152,21,5.191,7.238,0.829,0,0,3,1,0.059,0.0,0.007,0.0,1,0,85,creative,claude
104,19,4.894,5.474,0.788,0,0,4,0,0.038,0.0,0.0,0.01,1,0,85,creative,gemini
103,18,5.359,5.722,0.806,0,0,6,3,0.019,0.0,0.0,0.01,1,0,85,creative,gpt4o
159,7,6.063,22.714,0.786,0,0,0,0,0.05,0.0,0.0,0.006,1,0,86,creative,claude
99,8,5.727,12.375,0.828,0,0,0,0,0.071,0.0,0.0,0.0,1,0,86,creative,gemini
103,6,5.515,17.167,0.835,0,0,0,0,0.097,0.0,0.0,0.01,1,0,86,creative,gpt4o
141,21,4.716,6.714,0.759,0,0,8,0,0.014,0.0,0.0,0.007,1,0,87,creative,claude
99,23,4.162,4.304,0.727,0,0,9,10,0.061,0.0,0.0,0.0,1,0,87,creative,gemini
103,23,4.563,4.478,0.777,0,0,4,11,0.019,0.0,0.0,0.0,1,0,87,creative,gpt4o
161,7,5.758,23.0,0.758,0,0,0,0,0.068,0.006,0.0,0.0,1,0,88,creative,claude
96,7,5.833,13.714,0.844,0,0,0,0,0.115,0.0,0.0,0.01,1,0,88,creative,gemini
103,6,5.757,17.167,0.816,0,0,0,0,0.078,0.0,0.0,0.0,1,0,88,creative,gpt4o
110,4,4.818,27.5,0.827,0,0,0,0,0.136,0.0,0.0,0.009,1,0,89,creative,claude
90,6,4.567,15.0,0.778,0,0,0,0,0.2,0.0,0.0,0.0,1,0,89,creative,gemini
82,6,4.256,13.667,0.768,0,0,0,0,0.171,0.0,0.0,0.0,1,0,89,creative,gpt4o
164,6,6.201,27.333,0.774,0,0,0,0,0.049,0.0,0.0,0.006,1,0,90,creative,claude
95,7,7.021,13.571,0.916,0,0,0,0,0.105,0.0,0.0,0.0,1,0,90,creative,gemini
101,7,6.228,14.429,0.832,0,0,0,0,0.079,0.0,0.0,0.0,1,0,90,creative,gpt4o
179,7,5.989,25.571,0.749,0,0,0,0,0.045,0.0,0.0,0.0,1,0,91,creative,claude
100,7,6.59,14.286,0.82,0,0,0,0,0.09,0.0,0.0,0.0,1,0,91,creative,gemini
105,7,6.067,15.0,0.819,0,0,0,0,0.076,0.0,0.0,0.019,1,0,91,creative,gpt4o
180,7,6.517,25.714,0.75,0,0,0,0,0.044,0.0,0.0,0.0,1,0,92,creative,claude
102,8,6.549,12.75,0.824,0,0,0,0,0.098,0.0,0.0,0.0,1,0,92,creative,gemini
106,7,6.255,15.143,0.792,0,0,0,0,0.075,0.009,0.0,0.0,1,0,92,creative,gpt4o
177,9,5.893,19.667,0.751,0,0,0,0,0.051,0.006,0.0,0.006,1,0,93,creative,claude
103,7,5.874,14.714,0.786,0,0,0,0,0.117,0.0,0.0,0.0,1,0,93,creative,gemini
108,7,5.713,15.429,0.787,0,0,0,0,0.13,0.0,0.0,0.009,1,0,93,creative,gpt4o
188,6,6.34,31.333,0.777,0,0,0,0,0.021,0.005,0.0,0.011,1,0,94,creative,claude
101,6,6.277,16.833,0.822,0,0,0,0,0.089,0.0,0.0,0.01,1,0,94,creative,gemini
105,6,6.143,17.5,0.81,0,0,0,0,0.105,0.0,0.0,0.019,1,0,94,creative,gpt4o
200,13,5.24,15.385,0.695,0,0,0,0,0.075,0.005,0.0,0.015,1,0,95,creative,claude
107,8,5.505,13.375,0.794,0,0,0,0,0.15,0.0,0.0,0.0,1,0,95,creative,gemini
107,9,5.336,11.889,0.72,0,0,0,0,0.065,0.009,0.0,0.0,1,0,95,creative,gpt4o
173,7,6.399,24.714,0.832,0,0,0,0,0.04,0.006,0.0,0.012,1,0,96,creative,claude
98,7,6.194,14.0,0.847,0,0,0,0,0.092,0.0,0.0,0.0,1,0,96,creative,gemini
110,6,5.591,18.333,0.818,0,0,0,0,0.091,0.0,0.0,0.0,1,0,96,creative,gpt4o
171,13,5.468,13.154,0.76,0,0,1,0,0.082,0.0,0.006,0.0,1,0,97,creative,claude
102,9,5.529,11.333,0.784,0,0,0,0,0.088,0.0,0.0,0.0,1,0,97,creative,gemini
109,8,5.45,13.625,0.78,0,0,0,0,0.11,0.0,0.0,0.009,1,0,97,creative,gpt4o
170,7,6.012,24.286,0.794,0,0,0,0,0.059,0.0,0.0,0.0,1,0,98,creative,claude
96,7,5.792,13.714,0.812,0,0,0,0,0.083,0.0,0.0,0.0,1,0,98,creative,gemini
106,7,5.868,15.143,0.858,0,0,0,0,0.094,0.0,0.0,0.0,1,0,98,creative,gpt4o
196,9,5.143,21.778,0.735,0,0,0,0,0.092,0.005,0.005,0.0,1,0,99,creative,claude
113,9,5.54,12.556,0.735,0,0,0,0,0.15,0.009,0.0,0.009,1,0,99,creative,gemini
118,8,5.203,14.75,0.814,0,0,0,0,0.144,0.0,0.0,0.0,1,0,99,creative,gpt4o
185,7,6.081,26.429,0.708,0,0,0,0,0.065,0.0,0.0,0.0,1,0,100,creative,claude
111,7,6.36,15.857,0.811,0,0,0,0,0.072,0.0,0.0,0.009,1,0,100,creative,gemini
108,6,6.019,18.0,0.815,0,0,0,0,0.102,0.0,0.0,0.0,1,0,100,creative,gpt4o
195,15,5.138,13.0,0.733,0,0,0,0,0.072,0.005,0.0,0.0,1,0,101,creative,claude
116,8,5.353,14.5,0.819,0,0,1,0,0.078,0.009,0.0,0.0,1,0,101,creative,gemini
112,7,5.08,16.0,0.741,0,0,0,0,0.098,0.0,0.0,0.0,1,0,101,creative,gpt4o
194,8,5.814,24.25,0.727,0,0,0,0,0.046,0.0,0.0,0.0,1,0,102,creative,claude
119,8,6.134,14.875,0.79,0,0,0,0,0.092,0.0,0.0,0.0,1,0,102,creative,gemini
113,6,5.584,18.833,0.814,0,0,0,0,0.097,0.0,0.0,0.009,1,0,102,creative,gpt4o
188,11,5.41,17.091,0.782,0,0,1,1,0.074,0.016,0.0,0.0,1,0,103,creative,claude
164,9,5.439,18.222,0.713,0,0,0,0,0.085,0.0,0.0,0.0,1,0,103,creative,gemini
117,8,5.709,14.625,0.821,0,0,0,0,0.103,0.0,0.0,0.009,1,0,103,creative,gpt4o
176,7,6.733,25.143,0.852,0,0,0,0,0.045,0.0,0.0,0.006,1,0,104,creative,claude
151,8,6.219,18.875,0.808,0,0,0,0,0.106,0.007,0.0,0.0,1,0,104,creative,gemini
110,8,6.318,13.75,0.873,0,0,0,0,0.1,0.0,0.0,0.0,1,0,104,creative,gpt4o
191,15,5.743,12.733,0.775,0,0,1,0,0.063,0.0,0.0,0.0,1,0,105,creative,claude
218,15,5.106,14.533,0.716,0,0,0,0,0.087,0.0,0.0,0.0,1,0,105,creative,gemini
126,8,4.929,15.75,0.778,0,0,0,0,0.103,0.0,0.0,0.0,1,0,105,creative,gpt4o
183,7,6.546,26.143,0.765,0,0,0,0,0.049,0.005,0.0,0.0,1,0,106,creative,claude
164,12,6.518,13.667,0.799,0,0,0,0,0.11,0.0,0.0,0.006,1,0,106,creative,gemini
114,7,6.632,16.286,0.868,0,0,0,0,0.096,0.0,0.0,0.0,1,0,106,creative,gpt4o
202,14,5.782,14.429,0.777,0,0,1,2,0.05,0.0,0.0,0.0,1,0,107,creative,claude
175,14,5.64,12.5,0.726,0,0,0,2,0.097,0.0,0.0,0.0,1,0,107,creative,gemini
119,12,5.563,9.917,0.815,0,0,0,4,0.118,0.0,0.0,0.0,1,0,107,creative,gpt4o
194,7,6.144,27.714,0.799,0,0,0,0,0.072,0.005,0.0,0.0,1,0,108,creative,claude
157,8,5.631,19.625,0.764,0,0,0,0,0.102,0.0,0.0,0.006,1,0,108,creative,gemini
121,7,5.496,17.286,0.744,0,0,0,0,0.116,0.0,0.0,0.008,1,0,108,creative,gpt4o
197,9,5.822,21.889,0.706,0,0,0,0,0.056,0.0,0.0,0.015,1,0,109,creative,claude
222,16,5.306,13.875,0.689,0,0,0,0,0.09,0.005,0.0,0.005,1,0,109,creative,gemini
123,11,5.691,11.182,0.78,0,0,0,1,0.081,0.0,0.0,0.0,1,0,109,creative,gpt4o
182,8,6.824,22.75,0.813,0,0,0,0,0.082,0.0,0.0,0.0,1,0,110,creative,claude
97,8,5.216,12.125,0.773,0,0,0,0,0.072,0.0,0.0,0.0,1,0,110,creative,gemini
110,7,6.8,15.714,0.8,0,0,0,0,0.073,0.0,0.0,0.0,1,0,110,creative,gpt4o
198,13,5.662,15.231,0.788,0,0,0,0,0.076,0.005,0.0,0.0,1,0,111,creative,claude
105,12,4.733,8.75,0.79,0,0,0,0,0.076,0.0,0.0,0.0,1,0,111,creative,gemini
126,13,5.698,9.692,0.833,0,0,2,1,0.127,0.0,0.0,0.0,1,0,111,creative,gpt4o
189,7,6.725,27.0,0.82,0,0,0,0,0.053,0.005,0.0,0.005,1,0,112,creative,claude
91,6,5.033,15.167,0.813,0,0,0,0,0.055,0.0,0.0,0.0,1,0,112,creative,gemini
117,7,6.47,16.714,0.812,0,0,0,0,0.094,0.009,0.0,0.0,1,0,112,creative,gpt4o
190,7,6.526,27.143,0.768,0,0,0,0,0.042,0.0,0.0,0.005,1,0,113,creative,claude
94,5,5.245,18.8,0.745,0,0,0,0,0.064,0.0,0.0,0.0,1,0,113,creative,gemini
125,7,6.352,17.857,0.776,0,0,0,0,0.08,0.0,0.0,0.0,1,0,113,creative,gpt4o
178,5,6.669,35.6,0.742,0,0,0,0,0.084,0.0,0.0,0.011,1,0,114,creative,claude
139,18,6.446,7.722,0.849,0,5,0,0,0.101,0.0,0.0,0.0,1,0,114,creative,gemini
105,7,6.181,15.0,0.819,0,0,0,0,0.124,0.0,0.0,0.0,1,0,114,creative,gpt4o
206,9,5.515,22.889,0.738,0,0,0,0,0.068,0.0,0.0,0.0,1,0,115,creative,claude
198,11,5.732,18.0,0.702,0,0,0,0,0.106,0.0,0.0,0.0,1,0,115,creative,gemini
123,7,5.732,17.571,0.756,0,0,0,0,0.098,0.0,0.0,0.0,1,0,115,creative,gpt4o
194,9,5.789,21.556,0.758,0,0,0,0,0.072,0.0,0.0,0.0,1,0,116,creative,claude
143,8,5.86,17.875,0.755,0,0,0,0,0.126,0.0,0.0,0.0,1,0,116,creative,gemini
114,7,5.772,16.286,0.781,0,0,0,0,0.114,0.0,0.0,0.0,1,0,116,creative,gpt4o
208,9,5.346,23.111,0.731,0,0,0,0,0.053,0.0,0.0,0.0,1,0,117,creative,claude
210,11,5.395,19.091,0.671,0,0,0,0,0.105,0.0,0.0,0.0,1,0,117,creative,gemini
123,7,5.276,17.571,0.764,0,0,0,0,0.106,0.008,0.0,0.0,1,0,117,creative,gpt4o
199,10,6.337,19.9,0.764,0,0,1,0,0.07,0.0,0.0,0.005,1,0,118,creative,claude
227,12,5.93,18.917,0.709,0,0,0,0,0.066,0.0,0.0,0.0,1,0,118,creative,gemini
118,7,6.576,16.857,0.831,0,0,0,0,0.085,0.0,0.0,0.0,1,0,118,creative,gpt4o
213,10,5.718,21.3,0.714,0,0,0,0,0.056,0.0,0.0,0.0,1,0,119,creative,claude
228,14,5.241,16.286,0.671,0,0,0,0,0.118,0.0,0.0,0.0,1,0,119,creative,gemini
125,8,5.256,15.625,0.752,0,0,0,0,0.112,0.0,0.0,0.0,1,0,119,creative,gpt4o
186,17,6.409,10.941,0.844,0,0,0,0,0.054,0.0,0.0,0.005,1,0,120,creative,claude
219,15,6.584,14.6,0.836,0,0,0,0,0.137,0.0,0.0,0.005,1,0,120,creative,gemini
129,10,6.085,12.9,0.822,0,0,0,0,0.109,0.0,0.0,0.0,1,0,120,creative,gpt4o
184,9,5.201,20.444,0.674,0,0,0,0,0.092,0.005,0.005,0.0,1,0,121,code,claude
57,4,4.07,14.25,0.719,0,0,0,0,0.105,0.018,0.0,0.0,1,0,121,code,gemini
50,4,4.04,12.5,0.66,0,0,0,0,0.06,0.0,0.0,0.0,1,0,121,code,gpt4o
238,13,5.21,18.308,0.618,0,0,0,0,0.076,0.0,0.0,0.0,1,0,122,code,claude
48,2,5.042,24.0,0.896,0,0,0,0,0.208,0.0,0.0,0.0,1,0,122,code,gemini
51,5,5.137,10.2,0.686,0,0,0,0,0.137,0.0,0.0,0.0,1,0,122,code,gpt4o
263,14,5.255,18.786,0.631,0,0,0,5,0.065,0.0,0.0,0.0,1,0,123,code,claude
47,3,5.426,15.667,0.851,0,0,0,0,0.106,0.021,0.0,0.0,1,0,123,code,gemini
53,4,4.906,13.25,0.811,0,0,0,1,0.057,0.0,0.0,0.0,1,0,123,code,gpt4o
295,6,5.603,49.167,0.641,0,0,0,0,0.054,0.0,0.0,0.0,1,0,124,code,claude
49,3,5.633,16.333,0.776,0,0,0,0,0.02,0.0,0.0,0.0,1,0,124,code,gemini
48,3,5.521,16.0,0.812,0,0,0,0,0.021,0.0,0.0,0.021,1,0,124,code,gpt4o
303,12,5.323,25.25,0.64,0,0,0,0,0.086,0.007,0.0,0.003,1,0,125,code,claude
58,3,4.5,19.333,0.707,0,0,0,0,0.069,0.0,0.0,0.0,1,0,125,code,gemini
46,3,4.826,15.333,0.826,0,0,0,0,0.065,0.0,0.0,0.0,1,0,125,code,gpt4o
284,7,6.095,40.571,0.694,0,0,0,0,0.085,0.004,0.0,0.007,1,0,126,code,claude
45,3,6.089,15.0,0.844,0,0,0,0,0.067,0.022,0.0,0.0,1,0,126,code,gemini
38,3,6.816,12.667,0.895,0,0,0,0,0.079,0.0,0.0,0.0,1,0,126,code,gpt4o
317,14,6.306,22.643,0.618,0,0,0,0,0.091,0.009,0.0,0.0,1,0,127,code,claude
47,3,6.149,15.667,0.894,0,0,0,0,0.106,0.021,0.0,0.0,1,0,127,code,gemini
45,7,5.667,6.429,0.911,0,0,0,0,0.111,0.0,0.0,0.0,1,0,127,code,gpt4o
314,11,6.182,28.545,0.631,0,0,0,0,0.096,0.003,0.0,0.0,1,0,128,code,claude
46,4,6.283,11.5,0.826,0,0,0,0,0.065,0.0,0.0,0.0,1,0,128,code,gemini
43,3,5.86,14.333,0.767,0,0,0,0,0.0,0.0,0.0,0.0,1,0,128,code,gpt4o
352,13,5.239,27.077,0.568,0,0,0,0,0.065,0.006,0.0,0.0,1,0,129,code,claude
57,2,4.105,28.5,0.526,0,0,0,0,0.035,0.0,0.0,0.0,1,0,129,code,gemini
58,2,4.155,29.0,0.5,0,0,0,0,0.034,0.0,0.0,0.0,1,0,129,code,gpt4o
352,10,6.108,35.2,0.696,0,0,0,0,0.094,0.003,0.0,0.0,1,0,130,code,claude
46,3,6.043,15.333,0.826,0,0,0,0,0.087,0.022,0.0,0.0,1,0,130,code,gemini
44,3,5.341,14.667,0.795,0,0,0,0,0.136,0.023,0.0,0.0,1,0,130,code,gpt4o
349,7,6.221,49.857,0.682,0,0,0,0,0.103,0.0,0.003,0.0,1,0,131,code,claude
50,3,6.0,16.667,0.84,0,0,0,0,0.1,0.0,0.02,0.0,1,0,131,code,gemini
43,3,6.163,14.333,0.837,0,0,0,0,0.116,0.0,0.0,0.0,1,0,131,code,gpt4o
380,15,5.916,25.333,0.661,0,0,0,0,0.108,0.003,0.0,0.0,1,0,132,code,claude
55,4,4.945,13.75,0.745,0,0,0,0,0.073,0.0,0.0,0.0,1,0,132,code,gemini
48,3,4.667,16.0,0.729,0,0,0,0,0.083,0.0,0.0,0.0,1,0,132,code,gpt4o
357,16,6.482,22.312,0.641,0,0,0,0,0.157,0.0,0.0,0.0,1,0,133,code,claude
47,4,6.319,11.75,0.915,0,0,0,0,0.191,0.021,0.0,0.0,1,0,133,code,gemini
42,2,6.595,21.0,0.857,0,0,0,0,0.095,0.0,0.0,0.0,1,0,133,code,gpt4o
381,18,6.134,21.167,0.648,0,0,0,0,0.113,0.0,0.0,0.0,1,0,134,code,claude
53,3,5.623,17.667,0.811,0,0,0,0,0.075,0.0,0.0,0.0,1,0,134,code,gemini
48,2,6.021,24.0,0.812,0,0,0,0,0.062,0.0,0.0,0.0,1,0,134,code,gpt4o
361,14,6.155,25.786,0.615,0,0,0,0,0.089,0.006,0.0,0.003,1,0,135,code,claude
56,4,4.929,14.0,0.75,0,0,0,0,0.036,0.036,0.0,0.0,1,0,135,code,gemini
53,3,4.585,17.667,0.736,0,0,0,0,0.057,0.0,0.0,0.0,1,0,135,code,gpt4o
413,9,6.293,45.889,0.656,0,0,0,0,0.075,0.0,0.0,0.0,1,0,136,code,claude
47,4,5.66,11.75,0.872,0,0,0,0,0.064,0.0,0.0,0.021,1,0,136,code,gemini
51,4,5.49,12.75,0.824,0,0,0,0,0.059,0.0,0.0,0.02,1,0,136,code,gpt4o
384,13,6.13,29.538,0.615,0,0,0,0,0.073,0.008,0.0,0.0,1,0,137,code,claude
48,3,5.854,16.0,0.896,0,0,0,0,0.062,0.0,0.0,0.0,1,0,137,code,gemini
49,3,5.265,16.333,0.857,0,0,0,0,0.041,0.0,0.0,0.0,1,0,137,code,gpt4o
423,14,5.615,30.214,0.615,0,0,0,0,0.076,0.0,0.0,0.0,1,0,138,code,claude
52,3,4.846,17.333,0.846,0,0,0,0,0.058,0.0,0.0,0.0,1,0,138,code,gemini
48,3,5.458,16.0,0.812,0,0,0,0,0.062,0.0,0.0,0.0,1,0,138,code,gpt4o
445,15,5.712,29.667,0.618,0,0,0,0,0.054,0.0,0.0,0.0,1,0,139,code,claude
53,4,5.019,13.25,0.774,0,0,0,0,0.075,0.0,0.0,0.0,1,0,139,code,gemini
51,3,5.353,17.0,0.843,0,0,0,0,0.059,0.0,0.0,0.0,1,0,139,code,gpt4o
424,16,6.217,26.5,0.653,0,0,0,0,0.111,0.0,0.005,0.002,1,0,140,code,claude
47,3,5.957,15.667,0.872,0,0,0,0,0.064,0.0,0.0,0.021,1,0,140,code,gemini
44,3,5.932,14.667,0.886,0,0,0,0,0.091,0.0,0.0,0.023,1,0,140,code,gpt4o
395,15,6.501,26.333,0.666,0,0,0,0,0.071,0.003,0.0,0.0,1,0,141,code,claude
54,4,4.963,13.5,0.741,0,0,0,0,0.019,0.0,0.0,0.0,1,0,141,code,gemini
48,3,5.542,16.0,0.854,0,0,0,0,0.083,0.0,0.0,0.0,1,0,141,code,gpt4o
388,9,6.131,43.111,0.668,0,0,0,0,0.07,0.0,0.003,0.0,1,0,142,code,claude
47,4,5.915,11.75,0.872,0,0,0,0,0.043,0.0,0.0,0.0,1,0,142,code,gemini
47,2,5.638,23.5,0.872,0,0,0,0,0.064,0.0,0.0,0.0,1,0,142,code,gpt4o
409,14,6.445,29.214,0.623,0,0,1,0,0.1,0.005,0.0,0.0,1,0,143,code,claude
43,3,6.372,14.333,0.907,0,0,0,0,0.07,0.023,0.0,0.0,1,0,143,code,gemini
39,6,6.462,6.5,0.872,0,0,0,0,0.103,0.0,0.0,0.0,1,0,143,code,gpt4o
438,16,6.422,27.375,0.701,0,0,0,0,0.126,0.005,0.0,0.005,1,0,144,code,claude
52,2,4.846,26.0,0.712,0,0,0,0,0.019,0.0,0.0,0.0,1,0,144,code,gemini
46,3,5.543,15.333,0.826,0,0,0,0,0.0,0.0,0.0,0.0,1,0,144,code,gpt4o
439,16,6.544,27.438,0.658,0,0,1,0,0.098,0.002,0.0,0.0,1,0,145,code,claude
49,3,5.673,16.333,0.918,0,0,0,0,0.082,0.0,0.0,0.0,1,0,145,code,gemini
40,3,6.5,13.333,0.9,0,0,0,0,0.075,0.0,0.0,0.0,1,0,145,code,gpt4o
473,12,6.412,39.417,0.662,0,0,0,0,0.085,0.008,0.002,0.0,1,0,146,code,claude
51,2,6.392,25.5,0.882,0,0,0,0,0.059,0.0,0.0,0.0,1,0,146,code,gemini
45,3,6.267,15.0,0.867,0,0,0,0,0.022,0.0,0.0,0.0,1,0,146,code,gpt4o
506,10,6.225,50.6,0.607,0,0,0,0,0.075,0.0,0.0,0.002,1,0,147,code,claude
49,3,5.796,16.333,0.857,0,0,0,0,0.061,0.0,0.0,0.0,1,0,147,code,gemini
46,3,5.478,15.333,0.913,0,0,0,0,0.065,0.0,0.0,0.0,1,0,147,code,gpt4o
453,12,6.386,37.75,0.682,0,0,0,0,0.088,0.0,0.002,0.004,1,0,148,code,claude
47,2,5.064,23.5,0.851,0,0,0,0,0.021,0.0,0.0,0.0,1,0,148,code,gemini
47,3,5.319,15.667,0.809,0,0,0,0,0.021,0.0,0.0,0.0,1,0,148,code,gpt4o
531,15,6.435,35.4,0.635,0,0,0,0,0.068,0.002,0.002,0.004,1,0,149,code,claude
49,3,5.776,16.333,0.898,0,0,0,0,0.061,0.0,0.0,0.0,1,0,149,code,gemini
47,2,5.745,23.5,0.809,0,0,0,0,0.106,0.0,0.0,0.0,1,0,149,code,gpt4o
501,13,6.597,38.538,0.633,0,0,1,0,0.074,0.004,0.0,0.0,1,0,150,code,claude
47,3,6.277,15.667,0.894,0,0,0,0,0.128,0.0,0.0,0.0,1,0,150,code,gemini
50,3,5.74,16.667,0.82,0,0,0,0,0.1,0.0,0.0,0.0,1,0,150,code,gpt4o
504,15,6.653,33.6,0.685,0,0,1,0,0.117,0.006,0.0,0.0,1,0,151,code,claude
47,3,6.043,15.667,0.872,0,0,0,0,0.106,0.0,0.0,0.0,1,0,151,code,gemini
46,3,6.217,15.333,0.848,0,0,0,0,0.13,0.0,0.0,0.0,1,0,151,code,gpt4o
545,15,6.894,36.333,0.65,0,0,0,0,0.099,0.009,0.0,0.0,1,0,152,code,claude
41,2,6.707,20.5,0.902,0,0,0,0,0.122,0.0,0.0,0.0,1,0,152,code,gemini
44,2,6.159,22.0,0.841,0,0,0,0,0.091,0.0,0.0,0.0,1,0,152,code,gpt4o
572,17,6.483,33.647,0.612,0,0,0,0,0.082,0.002,0.0,0.002,1,0,153,code,claude
42,2,6.952,21.0,0.929,0,0,0,0,0.119,0.0,0.0,0.0,1,0,153,code,gemini
46,3,6.5,15.333,0.891,0,0,0,0,0.022,0.0,0.0,0.0,1,0,153,code,gpt4o
558,12,6.355,46.5,0.622,0,0,0,0,0.073,0.004,0.0,0.0,1,0,154,code,claude
49,3,5.755,16.333,0.796,0,0,0,0,0.0,0.0,0.0,0.0,1,0,154,code,gemini
51,4,6.137,12.75,0.843,0,0,0,0,0.078,0.0,0.0,0.0,1,0,154,code,gpt4o
596,16,6.612,37.25,0.564,0,0,0,0,0.054,0.003,0.003,0.003,1,0,155,code,claude
49,2,5.776,24.5,0.776,0,0,0,0,0.061,0.0,0.0,0.0,1,0,155,code,gemini
47,3,6.213,15.667,0.872,0,0,0,0,0.106,0.021,0.0,0.0,1,0,155,code,gpt4o
586,18,6.816,32.556,0.657,0,0,0,0,0.099,0.003,0.0,0.0,1,0,156,code,claude
41,3,6.317,13.667,0.878,0,0,0,0,0.073,0.0,0.0,0.0,1,0,156,code,gemini
47,3,6.383,15.667,0.851,0,0,0,0,0.043,0.0,0.0,0.0,1,0,156,code,gpt4o
564,14,6.074,40.286,0.608,0,0,0,0,0.055,0.004,0.005,0.002,1,1,157,code,claude
55,3,5.073,18.333,0.8,0,0,0,0,0.055,0.0,0.0,0.0,1,0,157,code,gemini
52,3,5.308,17.333,0.846,0,0,0,0,0.058,0.0,0.0,0.0,1,0,157,code,gpt4o
579,10,7.078,57.9,0.66,0,0,0,0,0.071,0.0,0.002,0.003,1,0,158,code,claude
48,3,6.146,16.0,0.896,0,0,0,0,0.125,0.0,0.0,0.021,1,0,158,code,gemini
43,3,6.721,14.333,0.907,0,0,0,0,0.14,0.0,0.0,0.0,1,0,158,code,gpt4o
569,21,6.847,27.095,0.67,0,0,0,0,0.13,0.004,0.0,0.0,1,0,159,code,claude
43,2,6.628,21.5,0.953,0,0,0,0,0.07,0.0,0.0,0.0,1,0,159,code,gemini
43,3,6.837,14.333,0.884,0,0,0,0,0.023,0.0,0.0,0.0,1,0,159,code,gpt4o
618,15,7.351,41.2,0.644,0,0,0,0,0.117,0.002,0.0,0.0,1,0,160,code,claude
48,2,6.667,24.0,0.896,0,0,0,0,0.083,0.0,0.0,0.0,1,0,160,code,gemini
48,3,6.729,16.0,0.896,0,0,0,0,0.125,0.0,0.0,0.0,1,0,160,code,gpt4o
71,5,5.296,14.2,0.859,0,0,0,0,0.085,0.0,0.0,0.056,1,0,161,emotional,claude
51,3,5.314,17.0,0.824,0,0,0,0,0.059,0.0,0.0,0.039,1,0,161,emotional,gemini
60,5,4.867,12.0,0.817,0,0,0,0,0.067,0.017,0.0,0.067,1,0,161,emotional,gpt4o
72,5,5.403,14.4,0.875,0,0,1,0,0.083,0.0,0.0,0.0,1,0,162,emotional,claude
51,4,5.667,12.75,0.902,0,0,0,0,0.059,0.0,0.0,0.02,1,0,162,emotional,gemini
53,5,5.491,10.6,0.887,0,0,0,0,0.019,0.0,0.0,0.075,1,0,162,emotional,gpt4o
69,5,5.464,13.8,0.899,0,0,0,0,0.058,0.0,0.0,0.043,1,0,163,emotional,claude
50,5,5.18,10.0,0.9,0,0,0,0,0.04,0.0,0.0,0.04,1,0,163,emotional,gemini
51,5,5.353,10.2,0.922,0,0,0,0,0.02,0.02,0.0,0.059,1,0,163,emotional,gpt4o
72,5,5.361,14.4,0.889,0,0,0,0,0.042,0.014,0.0,0.0,1,0,164,emotional,claude
42,4,5.524,10.5,0.81,0,0,0,0,0.0,0.0,0.0,0.024,1,0,164,emotional,gemini
47,4,5.574,11.75,0.787,0,0,0,0,0.043,0.043,0.0,0.021,1,0,164,emotional,gpt4o
70,5,5.671,14.0,0.829,0,0,0,0,0.029,0.029,0.014,0.014,1,0,165,emotional,claude
45,4,5.956,11.25,0.911,0,0,0,0,0.022,0.022,0.0,0.022,1,0,165,emotional,gemini
51,4,5.333,12.75,0.843,0,0,0,0,0.039,0.02,0.0,0.059,1,0,165,emotional,gpt4o
71,6,5.831,11.833,0.873,0,0,0,0,0.07,0.0,0.0,0.014,1,0,166,emotional,claude
42,4,5.929,10.5,0.905,0,0,0,0,0.024,0.024,0.0,0.0,1,0,166,emotional,gemini
48,4,5.479,12.0,0.875,0,0,0,0,0.021,0.021,0.0,0.0,1,0,166,emotional,gpt4o
71,6,5.437,11.833,0.887,0,0,0,0,0.056,0.0,0.0,0.0,1,0,167,emotional,claude
42,4,6.5,10.5,0.952,0,0,0,0,0.119,0.0,0.0,0.0,1,0,167,emotional,gemini
48,5,5.75,9.6,0.938,0,0,0,0,0.042,0.0,0.0,0.021,1,0,167,emotional,gpt4o
74,6,5.432,12.333,0.919,0,0,0,0,0.068,0.0,0.0,0.0,1,0,168,emotional,claude
46,4,5.652,11.5,0.87,0,0,0,0,0.0,0.0,0.0,0.043,1,0,168,emotional,gemini
50,4,5.28,12.5,0.82,0,0,0,0,0.02,0.0,0.0,0.04,1,0,168,emotional,gpt4o
76,5,5.671,15.2,0.803,0,0,0,0,0.013,0.026,0.013,0.039,1,0,169,emotional,claude
38,4,6.158,9.5,0.868,0,0,0,0,0.0,0.0,0.0,0.0,1,0,169,emotional,gemini
49,4,5.265,12.25,0.796,0,0,0,0,0.02,0.02,0.0,0.02,1,0,169,emotional,gpt4o
75,6,5.907,12.5,0.853,0,0,0,0,0.027,0.027,0.0,0.027,1,0,170,emotional,claude
44,4,5.864,11.0,0.932,0,0,0,0,0.023,0.023,0.0,0.023,1,0,170,emotional,gemini
49,4,5.653,12.25,0.898,0,0,0,0,0.082,0.0,0.0,0.02,1,0,170,emotional,gpt4o
74,6,5.541,12.333,0.905,0,0,1,0,0.041,0.014,0.0,0.0,1,0,171,emotional,claude
41,4,5.659,10.25,0.927,0,0,0,0,0.0,0.024,0.0,0.024,1,0,171,emotional,gemini
47,4,5.468,11.75,0.809,0,0,0,0,0.0,0.021,0.0,0.021,1,0,171,emotional,gpt4o
79,4,5.646,19.75,0.81,0,0,0,0,0.063,0.013,0.0,0.0,1,0,172,emotional,claude
46,4,5.63,11.5,0.913,0,0,0,0,0.087,0.0,0.0,0.043,1,0,172,emotional,gemini
44,4,5.795,11.0,0.909,0,0,0,0,0.023,0.0,0.0,0.045,1,0,172,emotional,gpt4o
74,6,5.905,12.333,0.851,0,0,0,0,0.014,0.014,0.0,0.027,1,0,173,emotional,claude
44,4,5.114,11.0,0.841,0,0,0,0,0.045,0.0,0.0,0.045,1,0,173,emotional,gemini
49,4,5.429,12.25,0.939,0,0,0,0,0.02,0.0,0.0,0.02,1,0,173,emotional,gpt4o
79,6,5.608,13.167,0.797,0,0,0,0,0.0,0.025,0.0,0.063,1,0,174,emotional,claude
48,4,5.292,12.0,0.833,0,0,0,0,0.021,0.021,0.0,0.042,1,0,174,emotional,gemini
44,4,5.955,11.0,0.955,0,0,0,0,0.045,0.023,0.0,0.068,1,0,174,emotional,gpt4o
74,6,5.703,12.333,0.892,0,0,0,0,0.054,0.0,0.0,0.014,1,0,175,emotional,claude
39,4,6.128,9.75,0.923,0,0,0,0,0.077,0.0,0.0,0.0,1,0,175,emotional,gemini
48,4,5.688,12.0,0.917,0,0,0,0,0.062,0.0,0.0,0.021,1,0,175,emotional,gpt4o
81,5,5.704,16.2,0.864,0,0,0,0,0.0,0.025,0.0,0.012,1,0,176,emotional,claude
45,4,5.378,11.25,0.956,0,0,0,0,0.044,0.0,0.0,0.022,1,0,176,emotional,gemini
51,4,5.255,12.75,0.922,0,0,0,0,0.078,0.0,0.0,0.02,1,0,176,emotional,gpt4o
79,6,5.81,13.167,0.899,0,0,0,0,0.051,0.038,0.0,0.038,1,0,177,emotional,claude
47,4,5.468,11.75,0.936,0,0,0,0,0.064,0.021,0.0,0.021,1,0,177,emotional,gemini
47,4,5.851,11.75,0.915,0,0,0,0,0.043,0.021,0.0,0.021,1,0,177,emotional,gpt4o
82,6,5.012,13.667,0.793,0,0,0,0,0.012,0.0,0.0,0.037,1,0,178,emotional,claude
46,4,5.522,11.5,0.87,0,0,0,0,0.0,0.0,0.0,0.087,1,0,178,emotional,gemini
47,4,5.447,11.75,0.894,0,0,0,0,0.0,0.0,0.0,0.064,1,0,178,emotional,gpt4o
78,5,6.026,15.6,0.808,0,0,0,0,0.115,0.026,0.0,0.038,1,0,179,emotional,claude
49,4,5.184,12.25,0.898,0,0,0,0,0.02,0.02,0.0,0.02,1,0,179,emotional,gemini
48,4,5.646,12.0,0.896,0,0,0,0,0.062,0.021,0.0,0.062,1,0,179,emotional,gpt4o
78,6,5.833,13.0,0.833,0,0,0,0,0.0,0.013,0.0,0.013,1,0,180,emotional,claude
40,4,6.3,10.0,0.9,0,0,0,0,0.0,0.025,0.0,0.05,1,0,180,emotional,gemini
43,4,5.907,10.75,0.953,0,0,0,0,0.047,0.0,0.0,0.047,1,0,180,emotional,gpt4o
78,6,5.282,13.0,0.795,0,0,0,0,0.013,0.026,0.0,0.0,1,0,181,emotional,claude
46,4,5.239,11.5,0.891,0,0,0,0,0.022,0.0,0.0,0.0,1,0,181,emotional,gemini
51,4,4.941,12.75,0.902,0,0,0,0,0.039,0.0,0.0,0.0,1,0,181,emotional,gpt4o
82,5,5.5,16.4,0.841,0,0,0,0,0.024,0.012,0.0,0.0,1,0,182,emotional,claude
50,4,4.94,12.5,0.86,0,0,0,0,0.04,0.02,0.0,0.02,1,0,182,emotional,gemini
49,5,5.408,9.8,0.837,0,0,0,0,0.041,0.02,0.0,0.02,1,0,182,emotional,gpt4o
82,5,5.195,16.4,0.866,0,0,0,0,0.037,0.012,0.0,0.012,1,0,183,emotional,claude
44,4,5.523,11.0,0.909,0,0,1,0,0.023,0.023,0.0,0.023,1,0,183,emotional,gemini
46,4,5.478,11.5,0.913,0,0,0,0,0.022,0.0,0.0,0.022,1,0,183,emotional,gpt4o
72,6,6.792,12.0,0.875,0,0,0,0,0.042,0.014,0.0,0.014,1,0,184,emotional,claude
40,4,6.275,10.0,0.875,0,0,0,0,0.025,0.0,0.0,0.0,1,0,184,emotional,gemini
46,5,5.826,9.2,0.848,0,0,0,0,0.022,0.0,0.0,0.0,1,0,184,emotional,gpt4o
76,6,6.316,12.667,0.908,0,0,0,0,0.013,0.026,0.013,0.039,1,0,185,emotional,claude
41,4,6.683,10.25,0.976,0,0,0,0,0.073,0.024,0.0,0.0,1,0,185,emotional,gemini
50,4,5.84,12.5,0.94,0,0,0,0,0.04,0.02,0.0,0.0,1,0,185,emotional,gpt4o
81,6,5.037,13.5,0.84,0,0,0,0,0.049,0.0,0.0,0.025,1,0,186,emotional,claude
48,4,4.854,12.0,0.875,0,0,0,0,0.042,0.0,0.0,0.104,1,0,186,emotional,gemini
53,4,4.962,13.25,0.811,0,0,0,0,0.038,0.0,0.0,0.075,1,0,186,emotional,gpt4o
81,5,5.889,16.2,0.864,0,0,0,0,0.037,0.025,0.0,0.025,1,0,187,emotional,claude
44,4,5.886,11.0,0.886,0,0,0,0,0.045,0.023,0.0,0.045,1,0,187,emotional,gemini
51,5,5.549,10.2,0.882,0,0,0,0,0.039,0.0,0.0,0.039,1,0,187,emotional,gpt4o
80,6,6.0,13.333,0.85,0,0,0,0,0.025,0.025,0.0,0.013,1,0,188,emotional,claude
51,4,5.176,12.75,0.863,0,0,0,0,0.02,0.0,0.0,0.039,1,0,188,emotional,gemini
50,5,5.3,10.0,0.84,0,0,0,0,0.0,0.0,0.0,0.04,1,0,188,emotional,gpt4o
79,6,5.747,13.167,0.861,0,0,0,0,0.025,0.025,0.0,0.025,1,0,189,emotional,claude
45,4,5.889,11.25,0.889,0,0,0,0,0.0,0.0,0.0,0.022,1,0,189,emotional,gemini
48,5,5.938,9.6,0.896,0,0,0,0,0.0,0.0,0.0,0.083,1,0,189,emotional,gpt4o
83,5,4.964,16.6,0.783,0,0,0,0,0.012,0.0,0.012,0.024,1,0,190,emotional,claude
43,4,6.279,10.75,0.884,0,0,0,0,0.023,0.0,0.0,0.023,1,0,190,emotional,gemini
51,4,5.451,12.75,0.882,0,0,0,0,0.02,0.0,0.0,0.039,1,0,190,emotional,gpt4o
76,5,5.474,15.2,0.829,0,0,0,0,0.0,0.0,0.0,0.026,1,0,191,emotional,claude
45,4,5.733,11.25,0.867,0,0,0,0,0.022,0.022,0.0,0.022,1,0,191,emotional,gemini
49,4,5.633,12.25,0.898,0,0,0,0,0.02,0.02,0.0,0.041,1,0,191,emotional,gpt4o
76,6,5.434,12.667,0.882,0,0,0,0,0.013,0.013,0.0,0.0,1,0,192,emotional,claude
43,4,6.209,10.75,0.93,0,0,0,0,0.023,0.0,0.0,0.0,1,0,192,emotional,gemini
47,4,5.894,11.75,0.936,0,0,0,0,0.0,0.0,0.0,0.043,1,0,192,emotional,gpt4o
73,5,5.808,14.6,0.863,0,0,0,0,0.027,0.014,0.0,0.014,1,0,193,emotional,claude
44,4,5.318,11.0,0.909,0,0,0,0,0.0,0.023,0.0,0.045,1,0,193,emotional,gemini
51,4,5.216,12.75,0.843,0,0,0,0,0.0,0.0,0.0,0.039,1,0,193,emotional,gpt4o
80,7,5.5,11.429,0.887,0,0,0,0,0.025,0.0,0.0,0.05,1,0,194,emotional,claude
43,4,5.814,10.75,0.93,0,0,0,0,0.07,0.0,0.0,0.023,1,0,194,emotional,gemini
48,4,6.021,12.0,0.938,0,0,0,0,0.083,0.0,0.0,0.0,1,0,194,emotional,gpt4o
86,6,5.651,14.333,0.849,0,0,1,0,0.023,0.035,0.0,0.023,1,0,195,emotional,claude
43,4,6.023,10.75,0.907,0,0,0,0,0.023,0.0,0.0,0.023,1,0,195,emotional,gemini
46,4,5.891,11.5,0.935,0,0,0,0,0.022,0.022,0.0,0.065,1,0,195,emotional,gpt4o
83,6,5.398,13.833,0.867,0,0,0,0,0.024,0.012,0.0,0.012,1,0,196,emotional,claude
45,4,5.867,11.25,0.911,0,0,0,0,0.044,0.0,0.0,0.044,1,0,196,emotional,gemini
53,4,4.943,13.25,0.868,0,0,0,0,0.019,0.0,0.0,0.019,1,0,196,emotional,gpt4o
79,6,6.241,13.167,0.861,0,0,0,0,0.038,0.025,0.0,0.025,1,0,197,emotional,claude
43,4,5.628,10.75,0.907,0,0,1,0,0.023,0.0,0.0,0.023,1,0,197,emotional,gemini
49,4,5.204,12.25,0.878,0,0,0,0,0.0,0.02,0.0,0.02,1,0,197,emotional,gpt4o
79,6,5.658,13.167,0.886,0,0,0,0,0.038,0.051,0.013,0.013,1,0,198,emotional,claude
48,4,5.292,12.0,0.917,0,0,0,0,0.021,0.0,0.0,0.042,1,0,198,emotional,gemini
48,4,5.5,12.0,0.833,0,0,0,0,0.062,0.0,0.0,0.042,1,0,198,emotional,gpt4o
77,5,5.844,15.4,0.844,0,0,0,0,0.026,0.013,0.0,0.013,1,0,199,emotional,claude
49,4,5.327,12.25,0.898,0,0,0,0,0.02,0.0,0.0,0.041,1,0,199,emotional,gemini
53,4,5.358,13.25,0.849,0,0,0,0,0.019,0.0,0.0,0.057,1,0,199,emotional,gpt4o
88,5,5.932,17.6,0.818,0,0,0,0,0.08,0.023,0.0,0.0,1,0,200,emotional,claude
50,4,5.92,12.5,0.86,0,0,0,0,0.04,0.0,0.0,0.0,1,0,200,emotional,gemini
53,5,5.321,10.6,0.83,0,0,0,0,0.019,0.0,0.0,0.019,1,0,200,emotional,gpt4o
405,21,5.099,19.286,0.494,0,0,0,0,0.081,0.0,0.0,0.0,13,1,1,factual,llama
319,20,5.68,15.95,0.69,6,0,0,0,0.047,0.0,0.0,0.0,10,1,1,factual,mistral
366,30,5.475,12.2,0.568,0,12,0,0,0.06,0.003,0.0,0.0,7,1,2,factual,llama
296,25,5.622,11.84,0.666,12,3,0,0,0.03,0.0,0.0,0.0,8,1,2,factual,mistral
369,25,5.507,14.76,0.564,0,6,0,0,0.076,0.0,0.0,0.0,13,1,3,factual,llama
281,14,5.964,20.071,0.701,12,0,0,0,0.039,0.0,0.0,0.0,7,1,3,factual,mistral
389,34,5.766,11.441,0.494,0,13,0,0,0.039,0.0,0.0,0.0,6,1,4,factual,llama
308,19,5.523,16.211,0.568,11,0,0,0,0.039,0.0,0.0,0.0,12,1,4,factual,mistral
353,32,6.215,11.031,0.581,0,15,0,0,0.091,0.0,0.0,0.0,9,1,5,factual,llama
304,42,5.826,7.238,0.645,20,0,0,0,0.099,0.0,0.0,0.0,10,1,5,factual,mistral
368,25,5.304,14.72,0.508,0,7,0,0,0.054,0.003,0.0,0.003,11,1,6,factual,llama
260,34,6.385,7.647,0.673,19,0,0,0,0.05,0.0,0.0,0.0,10,1,6,factual,mistral
387,25,5.941,15.48,0.512,0,12,0,0,0.078,0.003,0.0,0.0,4,1,7,factual,llama
299,37,6.274,8.081,0.776,12,0,0,0,0.09,0.003,0.0,0.0,5,1,7,factual,mistral
382,27,5.631,14.148,0.539,0,9,0,0,0.076,0.0,0.0,0.01,2,1,8,factual,llama
299,25,6.027,11.96,0.679,14,0,0,0,0.08,0.0,0.0,0.0,8,1,8,factual,mistral
368,32,5.516,11.5,0.527,0,12,0,0,0.052,0.003,0.0,0.0,7,1,9,factual,llama
283,31,5.781,9.129,0.664,10,9,0,0,0.028,0.004,0.0,0.0,11,1,9,factual,mistral
363,33,6.278,11.0,0.551,0,10,0,0,0.091,0.003,0.0,0.014,3,1,10,factual,llama
285,34,6.761,8.382,0.677,19,0,0,0,0.091,0.004,0.0,0.0,6,1,10,factual,mistral
392,29,5.648,13.517,0.472,4,8,0,0,0.074,0.0,0.0,0.0,4,1,11,factual,llama
292,18,5.236,16.222,0.579,10,0,0,0,0.027,0.0,0.0,0.0,6,1,11,factual,mistral
388,24,6.088,16.167,0.479,4,10,0,0,0.049,0.003,0.0,0.0,4,1,12,factual,llama
290,37,6.807,7.838,0.679,8,0,0,0,0.097,0.0,0.0,0.0,7,1,12,factual,mistral
398,25,5.435,15.92,0.492,8,6,0,0,0.045,0.003,0.0,0.0,6,1,13,factual,llama
283,42,6.276,6.738,0.696,21,0,1,0,0.088,0.0,0.0,0.0,9,1,13,factual,mistral
384,24,5.719,16.0,0.536,7,10,0,0,0.039,0.0,0.0,0.016,2,1,14,factual,llama
295,38,6.569,7.763,0.681,15,0,0,0,0.125,0.003,0.0,0.007,6,1,14,factual,mistral
382,25,6.356,15.28,0.613,0,8,0,0,0.149,0.0,0.0,0.0,2,1,15,factual,llama
306,28,6.536,10.929,0.703,13,0,0,0,0.147,0.003,0.0,0.0,5,1,15,factual,mistral
324,28,5.679,11.571,0.559,15,6,0,0,0.065,0.0,0.0,0.006,7,1,16,factual,llama
320,24,5.875,13.333,0.669,16,0,0,0,0.041,0.0,0.0,0.0,7,1,16,factual,mistral
394,32,5.622,12.312,0.518,0,10,0,0,0.058,0.023,0.0,0.048,3,1,17,factual,llama
323,25,5.845,12.92,0.693,13,0,0,0,0.053,0.022,0.0,0.034,10,1,17,factual,mistral
340,34,6.471,10.0,0.535,0,13,0,0,0.088,0.0,0.0,0.003,9,1,18,factual,llama
276,26,6.558,10.615,0.674,15,1,0,0,0.076,0.004,0.0,0.004,9,1,18,factual,mistral
392,30,6.077,13.067,0.497,0,10,0,0,0.099,0.015,0.0,0.0,3,1,19,factual,llama
311,44,6.338,7.068,0.701,6,0,0,0,0.154,0.026,0.0,0.003,9,1,19,factual,mistral
366,21,5.5,17.429,0.53,11,0,0,0,0.12,0.003,0.0,0.0,12,1,20,factual,llama
260,33,6.45,7.879,0.704,10,0,0,0,0.127,0.027,0.0,0.0,6,1,20,factual,mistral
357,22,5.79,16.227,0.552,0,7,0,0,0.095,0.0,0.0,0.003,2,1,21,factual,llama
296,17,5.865,17.412,0.699,9,0,0,0,0.088,0.0,0.0,0.0,6,1,21,factual,mistral
354,27,6.647,13.111,0.61,6,10,0,0,0.119,0.003,0.0,0.014,5,1,22,factual,llama
283,36,6.283,7.861,0.728,16,0,0,0,0.138,0.0,0.0,0.007,7,1,22,factual,mistral
392,31,6.367,12.645,0.526,0,10,0,0,0.089,0.023,0.0,0.01,2,1,23,factual,llama
284,53,6.053,5.358,0.697,15,0,0,0,0.151,0.0,0.0,0.0,6,1,23,factual,mistral
389,33,6.237,11.788,0.499,0,15,0,0,0.064,0.0,0.0,0.0,7,1,24,factual,llama
293,47,6.522,6.234,0.672,13,0,0,0,0.116,0.007,0.0,0.003,7,1,24,factual,mistral
390,30,5.456,13.0,0.541,0,10,0,0,0.09,0.01,0.0,0.0,3,1,25,factual,llama
311,34,6.122,9.147,0.656,10,0,0,0,0.09,0.006,0.0,0.0,7,1,25,factual,mistral
401,29,5.683,13.828,0.486,0,12,0,0,0.052,0.0,0.0,0.0,5,1,26,factual,llama
290,40,6.234,7.25,0.638,9,0,0,0,0.114,0.003,0.0,0.003,8,1,26,factual,mistral
369,39,6.152,9.462,0.637,0,18,0,0,0.07,0.003,0.0,0.008,4,1,27,factual,llama
305,50,6.485,6.1,0.725,9,0,0,0,0.121,0.003,0.0,0.003,5,1,27,factual,mistral
406,32,6.204,12.688,0.574,0,12,0,0,0.064,0.0,0.0,0.015,3,1,28,factual,llama
304,33,6.618,9.212,0.773,12,0,0,0,0.089,0.0,0.0,0.003,12,1,28,factual,mistral
351,35,6.886,10.029,0.67,0,15,0,0,0.1,0.0,0.0,0.003,3,1,29,factual,llama
279,32,6.444,8.719,0.674,22,0,0,0,0.075,0.0,0.0,0.004,5,1,29,factual,mistral
374,27,6.048,13.852,0.548,10,8,0,0,0.072,0.005,0.0,0.003,2,1,30,factual,llama
254,36,6.138,7.056,0.72,11,0,0,0,0.118,0.008,0.0,0.0,4,1,30,factual,mistral
354,33,6.116,10.727,0.542,0,13,0,0,0.105,0.006,0.0,0.0,13,1,31,factual,llama
294,32,6.058,9.188,0.619,12,0,1,0,0.078,0.0,0.0,0.0,8,1,31,factual,mistral
382,24,4.84,15.917,0.437,0,8,0,0,0.042,0.0,0.0,0.0,2,1,32,factual,llama
292,23,5.688,12.696,0.644,21,0,0,0,0.068,0.003,0.0,0.0,7,1,32,factual,mistral
380,29,6.239,13.103,0.576,0,9,0,0,0.137,0.005,0.0,0.026,2,1,33,factual,llama
298,21,6.302,14.19,0.698,9,0,0,0,0.117,0.01,0.0,0.023,4,1,33,factual,mistral
388,28,5.642,13.857,0.531,0,9,0,0,0.093,0.003,0.0,0.008,2,1,34,factual,llama
285,42,5.94,6.786,0.698,13,0,0,0,0.161,0.0,0.0,0.007,9,1,34,factual,mistral
392,32,5.648,12.25,0.559,0,10,0,0,0.082,0.01,0.0,0.018,3,1,35,factual,llama
272,34,6.301,8.0,0.721,19,0,0,0,0.121,0.0,0.0,0.007,4,1,35,factual,mistral
391,32,5.99,12.219,0.563,1,10,0,0,0.082,0.013,0.003,0.0,4,1,36,factual,llama
293,27,6.829,10.852,0.751,8,0,0,0,0.147,0.003,0.0,0.0,4,1,36,factual,mistral
396,29,5.909,13.655,0.472,0,10,0,0,0.088,0.02,0.0,0.0,2,1,37,factual,llama
339,27,6.351,12.556,0.643,9,0,0,0,0.109,0.009,0.0,0.006,7,1,37,factual,mistral
382,27,6.424,14.148,0.545,0,9,0,0,0.105,0.0,0.013,0.008,2,1,38,factual,llama
280,38,6.946,7.368,0.704,18,0,0,0,0.093,0.0,0.0,0.0,8,1,38,factual,mistral
369,27,6.713,13.667,0.634,0,12,0,0,0.122,0.0,0.0,0.011,3,1,39,factual,llama
280,27,6.275,10.37,0.743,14,0,0,0,0.068,0.0,0.0,0.0,9,1,39,factual,mistral
372,34,5.766,10.941,0.559,0,16,0,0,0.051,0.0,0.0,0.011,9,1,40,factual,llama
305,35,6.033,8.714,0.711,14,0,1,0,0.072,0.0,0.0,0.0,9,1,40,factual,mistral
393,27,6.041,14.556,0.56,0,12,0,0,0.071,0.015,0.0,0.01,8,1,41,opinion,llama
328,39,6.015,8.41,0.698,16,7,0,0,0.119,0.012,0.0,0.0,9,1,41,opinion,mistral
381,25,5.845,15.24,0.564,0,11,0,0,0.06,0.024,0.003,0.0,8,1,42,opinion,llama
325,37,5.892,8.784,0.717,14,8,0,0,0.095,0.022,0.0,0.0,10,1,42,opinion,mistral
384,31,6.193,12.387,0.589,0,13,0,0,0.044,0.003,0.0,0.005,9,1,43,opinion,llama
317,32,6.066,9.906,0.716,15,8,0,0,0.073,0.003,0.0,0.0,10,1,43,opinion,mistral
366,29,5.932,12.621,0.563,0,14,0,0,0.038,0.0,0.0,0.011,7,1,44,opinion,llama
284,29,6.268,9.793,0.715,12,6,0,0,0.067,0.0,0.0,0.007,7,1,44,opinion,mistral
399,26,5.915,15.346,0.531,0,10,0,0,0.048,0.013,0.005,0.003,10,1,45,opinion,llama
346,33,6.15,10.485,0.65,11,5,0,0,0.081,0.023,0.0,0.003,8,1,45,opinion,mistral
398,29,6.151,13.724,0.53,0,12,0,0,0.063,0.02,0.0,0.0,8,1,46,opinion,llama
324,37,6.12,8.757,0.701,11,6,0,0,0.13,0.006,0.0,0.0,8,1,46,opinion,mistral
380,28,6.521,13.571,0.603,0,10,0,0,0.061,0.013,0.005,0.008,7,1,47,opinion,llama
295,38,6.417,7.763,0.756,10,5,0,0,0.102,0.01,0.0,0.003,8,1,47,opinion,mistral
368,25,6.133,14.72,0.579,0,10,0,0,0.084,0.019,0.003,0.011,7,1,48,opinion,llama
294,29,6.296,10.138,0.745,10,5,0,0,0.092,0.007,0.0,0.0,8,1,48,opinion,mistral
395,29,6.605,13.621,0.527,0,12,0,0,0.056,0.003,0.0,0.01,11,1,49,opinion,llama
306,39,6.386,7.846,0.696,13,6,3,0,0.072,0.023,0.0,0.003,7,1,49,opinion,mistral
391,30,6.248,13.033,0.519,0,12,0,0,0.049,0.015,0.0,0.0,8,1,50,opinion,llama
294,39,6.796,7.538,0.748,13,7,0,0,0.095,0.01,0.0,0.0,9,1,50,opinion,mistral
393,28,6.453,14.036,0.491,0,12,0,0,0.079,0.015,0.0,0.008,7,1,51,opinion,llama
312,33,6.311,9.455,0.731,11,6,0,0,0.112,0.01,0.0,0.0,8,1,51,opinion,mistral
395,29,6.301,13.621,0.57,0,13,0,0,0.056,0.008,0.0,0.018,8,1,52,opinion,llama
307,34,6.674,9.029,0.743,11,6,0,0,0.104,0.003,0.0,0.003,9,1,52,opinion,mistral
397,27,5.589,14.704,0.542,0,11,0,0,0.043,0.008,0.0,0.003,11,1,53,opinion,llama
317,45,6.066,7.044,0.669,11,7,4,0,0.088,0.028,0.0,0.006,9,1,53,opinion,mistral
381,27,6.63,14.111,0.564,0,12,0,0,0.1,0.01,0.0,0.008,9,1,54,opinion,llama
332,34,6.452,9.765,0.696,13,7,0,0,0.102,0.006,0.0,0.0,9,1,54,opinion,mistral
367,34,6.488,10.794,0.635,0,15,0,0,0.095,0.0,0.003,0.005,8,1,55,opinion,llama
308,33,6.614,9.333,0.766,14,5,0,0,0.088,0.003,0.0,0.003,7,1,55,opinion,mistral
382,27,5.955,14.148,0.529,0,13,0,0,0.084,0.01,0.0,0.018,7,1,56,opinion,llama
325,37,6.178,8.784,0.665,13,6,0,0,0.083,0.012,0.0,0.006,8,1,56,opinion,mistral
378,33,6.124,11.455,0.587,0,10,0,0,0.085,0.0,0.003,0.005,2,1,57,opinion,llama
340,37,5.759,9.189,0.618,8,0,0,0,0.082,0.006,0.003,0.003,7,1,57,opinion,mistral
360,22,6.95,16.364,0.542,0,10,0,0,0.092,0.017,0.003,0.0,8,1,58,opinion,llama
315,36,6.67,8.75,0.67,13,7,1,0,0.127,0.029,0.0,0.006,10,1,58,opinion,mistral
383,28,6.282,13.679,0.59,0,12,0,0,0.094,0.0,0.005,0.005,6,1,59,opinion,llama
303,31,6.399,9.774,0.729,9,4,0,0,0.122,0.003,0.0,0.0,5,1,59,opinion,mistral
385,29,6.512,13.276,0.558,0,9,0,0,0.065,0.008,0.0,0.008,8,1,60,opinion,llama
335,30,6.507,11.167,0.672,12,7,0,0,0.078,0.018,0.0,0.003,9,1,60,opinion,mistral
378,26,6.177,14.538,0.537,0,12,0,0,0.045,0.0,0.0,0.003,8,1,61,opinion,llama
362,32,5.906,11.312,0.619,4,8,0,0,0.05,0.008,0.0,0.003,5,1,61,opinion,mistral
394,26,5.863,15.154,0.492,0,12,0,0,0.046,0.025,0.0,0.0,9,1,62,opinion,llama
342,30,5.722,11.4,0.62,12,7,0,0,0.038,0.009,0.0,0.006,9,1,62,opinion,mistral
400,25,5.678,16.0,0.552,0,11,0,0,0.077,0.007,0.003,0.01,7,1,63,opinion,llama
347,40,5.862,8.675,0.631,12,6,0,0,0.081,0.014,0.0,0.0,8,1,63,opinion,mistral
393,27,5.779,14.556,0.517,0,12,0,0,0.051,0.01,0.005,0.005,9,1,64,opinion,llama
340,32,5.832,10.625,0.635,12,6,0,0,0.085,0.009,0.0,0.0,7,1,64,opinion,mistral
395,31,6.091,12.742,0.554,0,12,0,0,0.046,0.023,0.0,0.005,7,1,65,opinion,llama
370,39,5.732,9.487,0.622,13,7,0,0,0.07,0.011,0.0,0.005,9,1,65,opinion,mistral
387,31,6.494,12.484,0.563,0,12,0,0,0.052,0.023,0.003,0.013,8,1,66,opinion,llama
296,37,6.348,8.0,0.709,12,7,1,0,0.081,0.024,0.0,0.003,9,1,66,opinion,mistral
388,34,6.425,11.412,0.544,0,14,0,0,0.049,0.028,0.0,0.008,9,1,67,opinion,llama
297,50,6.374,5.94,0.714,12,7,0,0,0.091,0.02,0.0,0.0,9,1,67,opinion,mistral
386,30,6.339,12.867,0.513,0,12,0,0,0.065,0.01,0.0,0.008,9,1,68,opinion,llama
318,27,6.384,11.778,0.711,10,0,2,0,0.075,0.009,0.0,0.0,6,1,68,opinion,mistral
387,25,6.171,15.48,0.556,0,11,0,0,0.067,0.018,0.0,0.008,8,1,69,opinion,llama
346,36,6.118,9.611,0.665,10,9,0,0,0.087,0.003,0.003,0.003,11,1,69,opinion,mistral
391,30,6.064,13.033,0.522,0,12,0,0,0.031,0.013,0.0,0.01,8,1,70,opinion,llama
359,29,6.343,12.379,0.641,13,7,0,0,0.056,0.019,0.0,0.003,9,1,70,opinion,mistral
392,23,5.967,17.043,0.531,0,6,0,0,0.107,0.003,0.0,0.003,4,1,71,opinion,llama
341,30,6.135,11.367,0.642,10,0,0,0,0.085,0.012,0.0,0.0,6,1,71,opinion,mistral
408,27,6.029,15.111,0.52,0,9,0,0,0.044,0.0,0.0,0.007,8,1,72,opinion,llama
346,37,6.136,9.351,0.595,12,7,0,0,0.104,0.009,0.0,0.0,9,1,72,opinion,mistral
374,29,6.061,12.897,0.548,0,11,0,0,0.051,0.008,0.0,0.016,9,1,73,opinion,llama
332,30,6.012,11.067,0.705,11,6,0,0,0.093,0.018,0.0,0.0,8,1,73,opinion,mistral
404,27,5.681,14.963,0.498,0,8,0,0,0.077,0.02,0.0,0.002,7,1,74,opinion,llama
283,30,6.562,9.433,0.707,14,0,1,0,0.138,0.025,0.0,0.004,7,1,74,opinion,mistral
394,28,5.901,14.071,0.51,0,12,0,0,0.051,0.015,0.0,0.008,8,1,75,opinion,llama
332,34,6.187,9.765,0.672,10,6,0,0,0.09,0.015,0.0,0.003,8,1,75,opinion,mistral
396,31,6.366,12.774,0.472,0,12,0,0,0.035,0.013,0.0,0.01,8,1,76,opinion,llama
316,35,6.465,9.029,0.722,10,6,2,0,0.073,0.003,0.0,0.0,9,1,76,opinion,mistral
399,28,6.048,14.25,0.516,0,10,0,0,0.048,0.013,0.0,0.01,8,1,77,opinion,llama
359,35,6.022,10.257,0.674,10,6,0,0,0.089,0.006,0.0,0.003,8,1,77,opinion,mistral
371,25,5.892,14.84,0.571,0,11,0,0,0.043,0.022,0.0,0.005,9,1,78,opinion,llama
320,32,6.084,10.0,0.703,12,6,3,0,0.091,0.022,0.0,0.003,9,1,78,opinion,mistral
371,32,6.121,11.594,0.609,0,13,0,0,0.086,0.003,0.003,0.005,8,1,79,opinion,llama
286,29,5.727,9.862,0.699,13,0,0,0,0.063,0.0,0.0,0.0,7,1,79,opinion,mistral
368,36,6.117,10.222,0.595,0,17,0,0,0.076,0.019,0.003,0.011,9,1,80,opinion,llama
308,40,5.731,7.7,0.675,23,9,0,0,0.071,0.0,0.0,0.003,11,1,80,opinion,mistral
345,20,5.794,17.25,0.597,0,5,0,0,0.09,0.0,0.0,0.0,7,1,81,creative,llama
291,10,5.629,29.1,0.66,2,0,0,0,0.072,0.0,0.0,0.0,7,1,81,creative,mistral
389,32,4.198,12.156,0.524,0,0,3,0,0.077,0.0,0.0,0.008,9,0,82,creative,llama
362,33,4.478,10.97,0.619,0,0,2,0,0.069,0.0,0.0,0.003,10,1,82,creative,mistral
366,25,6.246,14.64,0.582,0,7,0,0,0.085,0.0,0.0,0.011,9,1,83,creative,llama
301,19,6.289,15.842,0.694,10,1,0,0,0.113,0.007,0.0,0.023,9,1,83,creative,mistral
353,18,4.915,19.611,0.49,0,0,0,0,0.13,0.0,0.0,0.0,7,0,84,creative,llama
374,26,4.743,14.385,0.602,0,0,1,1,0.123,0.003,0.0,0.0,8,1,84,creative,mistral
371,39,4.523,9.513,0.531,0,0,10,0,0.067,0.0,0.0,0.011,10,1,85,creative,llama
285,43,5.239,6.628,0.691,0,0,10,0,0.063,0.0,0.0,0.0,15,1,85,creative,mistral
402,19,5.296,21.158,0.575,0,0,0,0,0.087,0.007,0.0,0.005,7,0,86,creative,llama
362,19,4.691,19.053,0.635,0,0,1,0,0.075,0.0,0.0,0.003,8,1,86,creative,mistral
165,1,4.073,165.0,0.552,0,0,0,0,0.0,0.006,0.0,0.0,21,0,87,creative,llama
241,42,4.465,5.738,0.622,0,0,14,0,0.004,0.0,0.0,0.004,27,1,87,creative,mistral
406,24,5.468,16.917,0.569,0,0,0,0,0.089,0.005,0.0,0.005,15,1,88,creative,llama
286,37,5.591,7.73,0.734,13,0,0,0,0.091,0.01,0.0,0.0,6,1,88,creative,mistral
238,16,4.282,14.875,0.592,0,0,0,0,0.206,0.0,0.0,0.0,8,0,89,creative,llama
145,10,4.021,14.5,0.683,0,0,0,0,0.124,0.0,0.0,0.0,6,1,89,creative,mistral
382,20,6.309,19.1,0.558,0,0,0,0,0.063,0.0,0.0,0.0,8,1,90,creative,llama
284,19,6.704,14.947,0.771,12,0,0,0,0.102,0.011,0.0,0.0,5,1,90,creative,mistral
411,31,5.151,13.258,0.54,0,0,1,0,0.1,0.005,0.002,0.015,10,0,91,creative,llama
345,28,5.122,12.321,0.632,0,0,2,0,0.081,0.0,0.0,0.006,9,1,91,creative,mistral
338,23,6.092,14.696,0.633,3,4,0,0,0.089,0.003,0.0,0.0,10,1,92,creative,llama
301,16,5.914,18.812,0.708,11,0,0,0,0.103,0.0,0.0,0.0,6,1,92,creative,mistral
406,24,5.214,16.917,0.547,0,0,0,0,0.074,0.012,0.0,0.002,11,0,93,creative,llama
338,32,5.423,10.562,0.645,0,0,0,0,0.062,0.0,0.003,0.0,16,1,93,creative,mistral
395,21,5.641,18.81,0.524,0,4,0,0,0.043,0.0,0.0,0.018,13,1,94,creative,llama
345,18,4.846,19.167,0.652,7,0,0,0,0.052,0.003,0.0,0.009,11,1,94,creative,mistral
412,24,4.765,17.167,0.573,0,0,0,0,0.112,0.002,0.0,0.002,9,0,95,creative,llama
384,43,4.263,8.93,0.516,0,0,7,0,0.065,0.005,0.0,0.003,11,1,95,creative,mistral
400,21,5.197,19.048,0.562,9,0,2,0,0.075,0.025,0.0,0.005,11,1,96,creative,llama
347,22,5.467,15.773,0.66,9,0,0,0,0.066,0.029,0.0,0.0,8,1,96,creative,mistral
407,23,4.592,17.696,0.572,0,0,0,0,0.093,0.0,0.0,0.0,7,0,97,creative,llama
303,34,4.967,8.912,0.673,0,0,3,0,0.073,0.003,0.0,0.0,19,1,97,creative,mistral
414,19,4.814,21.789,0.522,0,0,0,0,0.068,0.01,0.0,0.002,7,0,98,creative,llama
350,17,4.989,20.588,0.623,7,0,0,0,0.114,0.0,0.0,0.0,4,1,98,creative,mistral
382,25,4.699,15.28,0.563,0,0,1,0,0.092,0.0,0.0,0.003,8,0,99,creative,llama
360,31,4.556,11.613,0.631,0,0,2,3,0.092,0.003,0.0,0.0,10,1,99,creative,mistral
381,27,5.425,14.111,0.436,0,10,0,0,0.026,0.005,0.0,0.01,9,1,100,creative,llama
360,25,4.95,14.4,0.617,0,6,0,0,0.056,0.006,0.0,0.0,6,1,100,creative,mistral
428,23,4.5,18.609,0.509,0,0,0,0,0.07,0.012,0.0,0.007,7,1,101,creative,llama
372,35,4.516,10.629,0.57,0,0,0,0,0.078,0.005,0.0,0.003,17,1,101,creative,mistral
400,22,5.23,18.182,0.52,0,0,0,1,0.087,0.01,0.0,0.013,7,1,102,creative,llama
337,31,5.653,10.871,0.665,7,0,0,0,0.08,0.024,0.0,0.009,8,1,102,creative,mistral
391,25,4.788,15.64,0.54,0,0,1,0,0.095,0.0,0.0,0.0,9,0,103,creative,llama
324,36,5.037,9.0,0.657,0,0,3,6,0.086,0.0,0.0,0.0,19,1,103,creative,mistral
371,14,5.491,26.5,0.598,0,0,0,0,0.111,0.003,0.0,0.0,7,0,104,creative,llama
295,10,5.742,29.5,0.702,1,0,0,0,0.071,0.0,0.0,0.0,6,1,104,creative,mistral
423,22,4.7,19.227,0.522,0,0,0,0,0.078,0.0,0.0,0.0,9,0,105,creative,llama
348,53,4.782,6.566,0.626,0,0,1,0,0.078,0.0,0.0,0.0,23,1,105,creative,mistral
374,23,6.291,16.261,0.612,5,4,0,0,0.118,0.029,0.003,0.005,10,1,106,creative,llama
319,31,6.561,10.29,0.702,8,0,0,0,0.1,0.047,0.0,0.0,5,1,106,creative,mistral
304,32,5.204,9.5,0.586,0,0,2,5,0.079,0.007,0.0,0.003,12,0,107,creative,llama
226,29,6.08,7.793,0.765,0,0,8,2,0.058,0.0,0.0,0.004,15,1,107,creative,mistral
409,18,4.78,22.722,0.523,0,0,0,0,0.105,0.0,0.0,0.005,6,0,108,creative,llama
385,18,4.803,21.389,0.61,0,0,0,0,0.081,0.013,0.0,0.003,6,1,108,creative,mistral
401,29,5.157,13.828,0.559,0,0,0,0,0.077,0.005,0.0,0.007,9,0,109,creative,llama
361,40,4.989,9.025,0.626,0,0,3,0,0.086,0.0,0.0,0.006,14,1,109,creative,mistral
376,31,5.801,12.129,0.582,0,12,0,0,0.053,0.005,0.0,0.0,8,1,110,creative,llama
341,28,5.117,12.179,0.598,0,0,3,0,0.079,0.0,0.0,0.0,11,1,110,creative,mistral
404,25,4.626,16.16,0.594,0,0,0,0,0.101,0.0,0.0,0.002,11,0,111,creative,llama
318,30,5.085,10.6,0.714,0,0,2,0,0.085,0.0,0.0,0.0,12,1,111,creative,mistral
376,21,6.037,17.905,0.646,4,4,0,0,0.08,0.0,0.0,0.0,12,1,112,creative,llama
356,16,5.396,22.25,0.646,7,0,0,0,0.053,0.0,0.0,0.0,6,1,112,creative,mistral
414,21,5.283,19.714,0.473,0,0,0,0,0.06,0.002,0.0,0.0,7,0,113,creative,llama
329,16,5.261,20.562,0.626,3,0,0,0,0.094,0.006,0.0,0.0,6,1,113,creative,mistral
285,26,5.196,10.962,0.547,10,3,0,0,0.053,0.004,0.0,0.0,6,1,114,creative,llama
237,18,5.405,13.167,0.793,15,0,0,0,0.148,0.0,0.0,0.0,8,1,114,creative,mistral
405,28,4.857,14.464,0.464,0,0,0,0,0.104,0.0,0.0,0.002,8,0,115,creative,llama
388,28,4.771,13.857,0.613,0,0,0,0,0.064,0.005,0.0,0.0,21,1,115,creative,mistral
422,17,5.052,24.824,0.505,0,0,0,0,0.073,0.009,0.0,0.007,9,0,116,creative,llama
339,18,5.386,18.833,0.678,7,0,0,0,0.109,0.021,0.0,0.003,4,1,116,creative,mistral
379,25,4.565,15.16,0.493,0,0,0,0,0.087,0.0,0.0,0.0,10,0,117,creative,llama
326,34,4.945,9.588,0.672,0,0,1,0,0.083,0.0,0.0,0.0,18,1,117,creative,mistral
389,29,6.044,13.414,0.607,0,10,1,0,0.072,0.023,0.0,0.005,8,1,118,creative,llama
320,36,6.294,8.889,0.684,13,5,0,0,0.103,0.034,0.0,0.003,8,1,118,creative,mistral
389,22,5.057,17.682,0.602,0,0,0,0,0.098,0.003,0.0,0.0,8,1,119,creative,llama
388,32,4.639,12.125,0.575,0,0,2,0,0.077,0.0,0.0,0.0,13,1,119,creative,mistral
390,21,5.518,18.571,0.559,13,0,0,0,0.079,0.003,0.0,0.003,11,1,120,creative,llama
316,23,5.665,13.739,0.699,13,5,0,0,0.085,0.006,0.0,0.0,7,1,120,creative,mistral
145,6,4.2,24.167,0.531,2,0,1,0,0.034,0.0,0.0,0.0,10,1,121,code,llama
206,16,4.592,12.875,0.626,5,3,1,1,0.029,0.0,0.0,0.0,8,1,121,code,mistral
307,15,5.622,20.467,0.547,12,0,0,0,0.091,0.0,0.0,0.0,16,1,122,code,llama
249,20,5.787,12.45,0.651,10,0,0,0,0.072,0.0,0.0,0.0,6,1,122,code,mistral
309,23,5.214,13.435,0.589,8,4,1,5,0.016,0.0,0.0,0.003,14,1,123,code,llama
316,31,4.883,10.194,0.573,9,6,2,4,0.038,0.0,0.0,0.0,14,1,123,code,mistral
329,28,6.173,11.75,0.629,0,11,3,0,0.106,0.0,0.0,0.0,9,1,124,code,llama
337,43,5.816,7.837,0.635,12,11,2,0,0.089,0.0,0.0,0.006,13,1,124,code,mistral
386,27,5.039,14.296,0.451,3,9,0,0,0.026,0.008,0.0,0.0,14,1,125,code,llama
293,18,5.123,16.278,0.601,12,0,0,0,0.02,0.0,0.0,0.007,9,1,125,code,mistral
208,18,5.764,11.556,0.611,3,4,0,0,0.077,0.0,0.0,0.005,9,1,126,code,llama
268,30,5.567,8.933,0.705,11,3,1,2,0.063,0.0,0.0,0.0,9,1,126,code,mistral
381,30,5.942,12.7,0.43,12,9,0,0,0.037,0.005,0.0,0.0,17,1,127,code,llama
312,30,5.997,10.4,0.599,10,3,0,0,0.045,0.003,0.0,0.0,12,1,127,code,mistral
401,29,5.726,13.828,0.359,0,9,1,0,0.07,0.0,0.0,0.0,13,1,128,code,llama
301,30,6.033,10.033,0.681,17,2,0,0,0.066,0.0,0.0,0.0,11,1,128,code,mistral
230,5,5.03,46.0,0.443,10,0,0,0,0.035,0.0,0.0,0.0,12,1,129,code,llama
291,13,5.199,22.385,0.557,20,0,0,0,0.014,0.0,0.0,0.0,10,1,129,code,mistral
364,33,5.772,11.03,0.533,0,13,0,0,0.088,0.0,0.0,0.0,11,1,130,code,llama
255,29,5.969,8.793,0.694,10,0,0,0,0.141,0.004,0.0,0.0,8,1,130,code,mistral
346,20,5.939,17.3,0.555,8,4,1,0,0.075,0.003,0.0,0.003,11,1,131,code,llama
279,36,6.29,7.75,0.688,15,0,2,0,0.129,0.004,0.0,0.0,10,1,131,code,mistral
399,32,5.506,12.469,0.506,3,10,0,0,0.065,0.015,0.0,0.0,4,1,132,code,llama
308,37,5.513,8.324,0.601,9,7,0,0,0.045,0.006,0.0,0.0,11,1,132,code,mistral
297,16,6.138,18.562,0.424,11,0,0,0,0.077,0.003,0.0,0.0,9,1,133,code,llama
268,45,6.951,5.956,0.687,26,0,0,0,0.157,0.0,0.0,0.0,10,1,133,code,mistral
316,27,5.87,11.704,0.513,2,10,0,0,0.044,0.0,0.0,0.0,17,1,134,code,llama
288,41,6.771,7.024,0.597,5,2,0,8,0.038,0.0,0.0,0.0,14,1,134,code,mistral
349,24,5.587,14.542,0.516,4,0,0,0,0.063,0.0,0.0,0.003,16,1,135,code,llama
276,31,5.667,8.903,0.649,7,1,1,2,0.054,0.0,0.0,0.004,13,1,135,code,mistral
356,31,5.862,11.484,0.506,4,9,0,0,0.051,0.0,0.0,0.0,13,1,136,code,llama
310,36,5.6,8.611,0.597,6,7,1,2,0.048,0.003,0.0,0.003,12,1,136,code,mistral
349,29,5.756,12.034,0.473,0,8,0,0,0.057,0.0,0.0,0.0,12,1,137,code,llama
281,39,5.868,7.205,0.537,9,9,0,0,0.014,0.0,0.0,0.0,14,1,137,code,mistral
358,17,4.986,21.059,0.458,14,0,0,0,0.031,0.006,0.0,0.003,12,1,138,code,llama
272,29,6.445,9.379,0.551,4,0,0,0,0.029,0.0,0.0,0.0,9,1,138,code,mistral
396,27,4.803,14.667,0.439,3,8,0,0,0.025,0.0,0.0,0.0,19,1,139,code,llama
330,23,4.912,14.348,0.564,18,0,0,0,0.027,0.003,0.0,0.0,9,1,139,code,mistral
242,16,5.884,15.125,0.624,5,5,0,0,0.079,0.0,0.0,0.004,6,1,140,code,llama
308,40,6.032,7.7,0.688,21,0,0,0,0.045,0.0,0.0,0.0,10,1,140,code,mistral
382,27,5.162,14.148,0.424,0,9,0,0,0.055,0.0,0.0,0.003,9,1,141,code,llama
336,31,5.298,10.839,0.601,4,9,1,1,0.03,0.0,0.0,0.003,7,1,141,code,mistral
297,19,5.539,15.632,0.606,6,5,0,0,0.047,0.0,0.0,0.003,9,1,142,code,llama
278,27,5.964,10.296,0.665,22,0,0,0,0.058,0.0,0.0,0.0,10,1,142,code,mistral
297,19,5.912,15.632,0.539,11,2,2,0,0.064,0.003,0.0,0.0,12,1,143,code,llama
314,26,5.793,12.077,0.589,18,0,2,0,0.061,0.0,0.0,0.0,6,1,143,code,mistral
381,25,5.444,15.24,0.404,11,5,2,0,0.071,0.003,0.0,0.003,11,1,144,code,llama
307,32,5.515,9.594,0.645,13,6,2,0,0.111,0.003,0.0,0.007,9,1,144,code,mistral
341,32,5.774,10.656,0.554,15,3,0,0,0.073,0.003,0.0,0.0,7,1,145,code,llama
264,42,6.125,6.286,0.712,13,8,1,0,0.095,0.004,0.0,0.0,12,1,145,code,mistral
318,14,5.877,22.714,0.541,12,0,0,0,0.038,0.003,0.0,0.0,12,1,146,code,llama
299,28,5.88,10.679,0.615,27,0,0,0,0.04,0.003,0.0,0.0,7,1,146,code,mistral
381,32,5.724,11.906,0.499,0,13,1,0,0.037,0.0,0.0,0.005,16,1,147,code,llama
316,34,5.674,9.294,0.617,16,2,0,0,0.047,0.003,0.0,0.0,8,1,147,code,mistral
193,9,4.653,21.444,0.549,0,0,0,0,0.067,0.01,0.0,0.0,5,0,148,code,llama
174,17,5.155,10.235,0.764,3,3,1,1,0.046,0.006,0.0,0.0,7,1,148,code,mistral
352,30,5.739,11.733,0.534,9,8,0,0,0.077,0.0,0.0,0.0,8,1,149,code,llama
342,29,5.696,11.793,0.541,16,0,0,0,0.05,0.0,0.0,0.0,8,1,149,code,mistral
361,26,5.922,13.885,0.454,9,0,0,0,0.055,0.003,0.0,0.0,10,1,150,code,llama
286,31,6.794,9.226,0.58,0,0,0,0,0.08,0.0,0.0,0.0,9,1,150,code,mistral
373,31,5.767,12.032,0.563,8,8,0,0,0.048,0.0,0.0,0.005,2,1,151,code,llama
296,36,6.078,8.222,0.723,18,0,0,0,0.071,0.003,0.0,0.0,7,1,151,code,mistral
374,32,6.417,11.688,0.561,0,14,2,0,0.078,0.003,0.0,0.0,9,1,152,code,llama
321,34,6.249,9.441,0.639,10,9,1,0,0.125,0.003,0.0,0.0,8,1,152,code,mistral
365,31,5.477,11.774,0.504,0,12,0,0,0.063,0.0,0.0,0.0,9,1,153,code,llama
311,47,5.479,6.617,0.662,10,11,0,0,0.064,0.003,0.0,0.0,7,1,153,code,mistral
234,16,5.906,14.625,0.62,5,6,0,0,0.068,0.009,0.0,0.0,9,1,154,code,llama
298,24,5.661,12.417,0.624,22,0,0,0,0.03,0.0,0.0,0.0,5,1,154,code,mistral
326,20,6.405,16.3,0.445,2,4,0,0,0.092,0.006,0.0,0.0,8,1,155,code,llama
312,23,6.269,13.565,0.51,18,0,1,1,0.029,0.0,0.0,0.0,5,1,155,code,mistral
351,33,5.866,10.636,0.63,13,0,0,0,0.066,0.006,0.0,0.0,11,1,156,code,llama
290,30,5.1,9.667,0.621,16,0,0,0,0.093,0.003,0.0,0.003,9,1,156,code,mistral
346,20,5.211,17.3,0.425,9,3,0,1,0.032,0.0,0.0,0.0,19,1,157,code,llama
301,28,5.106,10.75,0.628,3,5,2,0,0.043,0.0,0.0,0.0,11,1,157,code,mistral
302,31,6.821,9.742,0.586,0,14,0,0,0.07,0.0,0.0,0.003,11,1,158,code,llama
351,37,6.011,9.486,0.63,17,5,0,0,0.023,0.0,0.0,0.0,7,1,158,code,mistral
391,24,6.381,16.292,0.563,10,10,0,0,0.074,0.0,0.0,0.003,7,1,159,code,llama
296,31,6.507,9.548,0.713,13,0,0,0,0.095,0.003,0.0,0.003,7,1,159,code,mistral
376,27,6.511,13.926,0.465,10,4,0,0,0.061,0.003,0.0,0.0,13,1,160,code,llama
322,32,6.339,10.062,0.655,9,0,0,0,0.065,0.006,0.0,0.003,9,1,160,code,mistral
403,32,5.079,12.594,0.586,0,10,0,0,0.06,0.002,0.0,0.05,2,1,161,emotional,llama
355,31,4.859,11.452,0.659,12,0,0,0,0.073,0.008,0.0,0.034,6,1,161,emotional,mistral
247,18,4.494,13.722,0.595,7,0,3,1,0.069,0.0,0.0,0.016,8,0,162,emotional,llama
360,26,5.206,13.846,0.669,11,0,6,2,0.058,0.008,0.0,0.019,6,1,162,emotional,mistral
390,33,5.118,11.818,0.585,5,10,0,1,0.072,0.0,0.0,0.044,5,1,163,emotional,llama
354,28,4.802,12.643,0.616,15,0,4,0,0.059,0.0,0.0,0.017,7,1,163,emotional,mistral
410,33,4.849,12.424,0.517,0,5,8,0,0.044,0.02,0.0,0.007,8,1,164,emotional,llama
367,30,4.635,12.233,0.591,14,0,11,0,0.044,0.014,0.0,0.022,8,1,164,emotional,mistral
388,27,5.562,14.37,0.492,0,10,0,0,0.062,0.026,0.0,0.031,3,1,165,emotional,llama
335,40,5.672,8.375,0.684,12,0,5,0,0.101,0.012,0.003,0.021,8,1,165,emotional,mistral
288,20,5.247,14.4,0.611,0,6,0,0,0.073,0.007,0.003,0.017,8,1,166,emotional,llama
367,40,4.766,9.175,0.662,0,7,4,0,0.065,0.011,0.0,0.022,10,1,166,emotional,mistral
377,31,5.26,12.161,0.599,10,8,4,0,0.045,0.003,0.0,0.029,2,1,167,emotional,llama
315,28,5.533,11.25,0.746,13,0,0,1,0.095,0.006,0.0,0.013,7,1,167,emotional,mistral
387,34,5.093,11.382,0.579,0,10,0,0,0.083,0.003,0.0,0.031,2,1,168,emotional,llama
354,27,5.056,13.111,0.664,11,0,4,0,0.048,0.008,0.0,0.023,5,1,168,emotional,mistral
395,30,5.124,13.167,0.509,0,5,2,0,0.056,0.01,0.0,0.048,7,1,169,emotional,llama
371,29,4.663,12.793,0.59,9,0,2,0,0.054,0.022,0.0,0.038,7,1,169,emotional,mistral
337,30,5.03,11.233,0.605,0,7,2,0,0.036,0.006,0.0,0.03,5,1,170,emotional,llama
264,24,4.754,11.0,0.652,3,4,2,0,0.034,0.008,0.0,0.011,7,1,170,emotional,mistral
386,30,5.324,12.867,0.593,0,10,0,0,0.049,0.008,0.0,0.026,2,1,171,emotional,llama
318,30,5.167,10.6,0.686,14,0,4,0,0.063,0.006,0.0,0.003,7,1,171,emotional,mistral
352,33,4.892,10.667,0.585,0,7,4,1,0.048,0.009,0.0,0.057,6,1,172,emotional,llama
377,32,5.324,11.781,0.544,0,12,0,0,0.037,0.013,0.0,0.029,7,1,174,emotional,llama
354,31,5.102,11.419,0.63,7,4,2,0,0.042,0.023,0.0,0.031,4,1,174,emotional,mistral
397,39,5.579,10.179,0.632,0,11,2,0,0.05,0.003,0.0,0.038,2,1,175,emotional,llama
306,26,6.082,11.769,0.739,15,0,2,0,0.062,0.0,0.003,0.01,6,1,175,emotional,mistral
334,26,5.039,12.846,0.596,0,7,2,0,0.051,0.006,0.0,0.042,5,1,176,emotional,llama
350,34,5.106,10.294,0.674,13,0,2,2,0.063,0.003,0.0,0.017,7,1,176,emotional,mistral
370,35,5.386,10.571,0.616,0,12,0,0,0.049,0.019,0.0,0.022,7,1,177,emotional,llama
323,21,4.904,15.381,0.653,12,0,5,1,0.053,0.006,0.0,0.006,8,1,177,emotional,mistral
373,26,5.021,14.346,0.547,0,8,0,0,0.072,0.003,0.0,0.038,7,1,178,emotional,llama
275,23,4.731,11.957,0.673,0,6,1,0,0.047,0.004,0.0,0.022,9,1,178,emotional,mistral
308,24,5.234,12.833,0.562,4,7,4,0,0.058,0.003,0.0,0.042,6,1,179,emotional,llama
337,28,5.409,12.036,0.647,9,8,1,0,0.068,0.015,0.0,0.045,11,1,179,emotional,mistral
296,26,5.375,11.385,0.615,0,8,2,0,0.064,0.024,0.0,0.037,7,1,180,emotional,llama
333,25,4.595,13.32,0.628,15,0,4,0,0.069,0.018,0.0,0.015,7,1,180,emotional,mistral
412,27,4.631,15.259,0.539,0,4,4,0,0.044,0.015,0.0,0.022,8,1,181,emotional,llama
251,18,4.749,13.944,0.693,3,0,4,0,0.072,0.012,0.0,0.012,5,1,181,emotional,mistral
389,30,5.231,12.967,0.586,3,10,0,0,0.059,0.008,0.0,0.021,4,1,182,emotional,llama
352,29,4.946,12.138,0.608,9,0,9,0,0.06,0.003,0.0,0.011,8,1,182,emotional,mistral
395,35,4.937,11.286,0.565,0,10,1,0,0.056,0.01,0.003,0.035,2,1,183,emotional,llama
340,31,5.026,10.968,0.659,0,6,4,0,0.065,0.021,0.006,0.029,9,1,183,emotional,mistral
397,37,5.531,10.73,0.645,0,10,2,0,0.06,0.0,0.0,0.015,4,1,184,emotional,llama
341,36,5.375,9.472,0.707,14,0,11,0,0.053,0.003,0.0,0.018,6,1,184,emotional,mistral
401,30,5.464,13.367,0.576,3,7,1,0,0.042,0.0,0.002,0.02,6,1,185,emotional,llama
340,28,5.179,12.143,0.635,9,3,5,0,0.041,0.006,0.006,0.012,7,1,185,emotional,mistral
287,19,4.561,15.105,0.592,0,5,1,0,0.056,0.017,0.0,0.045,7,1,186,emotional,llama
135,9,4.304,15.0,0.748,0,0,2,0,0.052,0.015,0.0,0.03,3,0,186,emotional,mistral
352,26,4.98,13.538,0.551,0,4,5,0,0.048,0.006,0.0,0.04,7,1,187,emotional,llama
155,11,4.787,14.091,0.703,0,0,1,0,0.084,0.013,0.0,0.026,4,0,187,emotional,mistral
386,31,5.065,12.452,0.575,0,7,2,0,0.073,0.008,0.0,0.028,6,1,188,emotional,llama
341,27,4.977,12.63,0.592,8,0,8,0,0.041,0.003,0.006,0.018,8,1,188,emotional,mistral
373,20,4.871,18.65,0.52,4,0,6,0,0.062,0.008,0.0,0.032,9,0,189,emotional,llama
351,30,5.259,11.7,0.63,7,0,5,0,0.048,0.011,0.0,0.028,7,1,189,emotional,mistral
386,32,4.997,12.062,0.588,0,10,0,0,0.065,0.003,0.0,0.031,3,1,190,emotional,llama
336,27,4.988,12.444,0.664,10,0,0,1,0.051,0.006,0.003,0.015,6,1,190,emotional,mistral
361,31,5.158,11.645,0.596,0,7,5,0,0.061,0.006,0.0,0.028,5,1,191,emotional,llama
341,32,5.123,10.656,0.686,12,0,5,1,0.059,0.012,0.003,0.026,6,1,191,emotional,mistral
383,28,5.131,13.679,0.593,0,7,2,0,0.073,0.008,0.0,0.018,5,1,192,emotional,llama
356,28,4.615,12.714,0.615,9,0,2,0,0.039,0.011,0.0,0.02,7,1,192,emotional,mistral
360,26,5.636,13.846,0.589,0,5,4,0,0.081,0.003,0.0,0.025,6,1,193,emotional,llama
218,14,4.651,15.571,0.651,3,0,8,0,0.055,0.018,0.0,0.023,4,1,193,emotional,mistral
383,32,4.911,11.969,0.53,5,7,2,0,0.052,0.003,0.0,0.037,5,1,194,emotional,llama
335,38,4.6,8.816,0.597,16,6,6,0,0.045,0.006,0.0,0.033,7,1,194,emotional,mistral
359,24,5.011,14.958,0.563,0,5,3,0,0.042,0.014,0.0,0.031,6,1,195,emotional,llama
351,35,4.897,10.029,0.613,13,0,3,0,0.057,0.009,0.0,0.017,7,1,195,emotional,mistral
344,20,4.872,17.2,0.526,0,0,4,0,0.058,0.009,0.003,0.058,8,0,196,emotional,llama
227,14,4.546,16.214,0.674,0,0,3,0,0.057,0.018,0.0,0.031,4,0,196,emotional,mistral
308,30,5.039,10.267,0.578,0,9,12,0,0.075,0.003,0.0,0.032,8,0,197,emotional,llama
340,36,4.921,9.444,0.576,15,0,22,0,0.079,0.0,0.0,0.038,6,1,197,emotional,mistral
322,27,4.972,11.926,0.609,0,7,0,1,0.078,0.003,0.0,0.037,4,1,198,emotional,llama
349,35,5.009,9.971,0.642,9,0,6,0,0.04,0.014,0.0,0.023,7,1,198,emotional,mistral
259,21,5.1,12.333,0.606,0,8,1,0,0.046,0.019,0.0,0.019,6,1,199,emotional,llama
367,32,4.921,11.469,0.676,3,6,7,0,0.041,0.014,0.003,0.008,9,1,199,emotional,mistral
385,33,4.784,11.667,0.532,21,8,13,0,0.031,0.0,0.0,0.021,2,1,200,emotional,llama
350,32,4.86,10.938,0.597,17,0,8,0,0.063,0.009,0.0,0.023,7,1,200,emotional,mistral
